aptDong,aptNm,aptSeq,bonbun,bubun,buildYear,buyerGbn,cdealDay,cdealType,dealAmount,dealDay,dealMonth,dealYear,dealingGbn,estateAgentSggNm,excluUseAr,floor,jibun,landCd,landLeaseholdGbn,rgstDate,roadNm,roadNmBonbun,roadNmBubun,roadNmCd,roadNmSeq,roadNmSggCd,roadNmbCd,sggCd,slerGbn,umdCd,umdNm,matchedRoadAddress,complexNo,downloadDate,complexName,pyeongName,pyeongName2,max_floor,floor_type,dealDate,dealDateClass,pyeongName3
 ,광교더리브,41117-287,1013,0000,2013, , , ,"94,000",16,11,2020, , ,84.92,4,1013,1,N, ,센트럴파크로,00034,00000,3177032,02,41117,0,41117, ,10400,하동,센트럴파크로 34,136913,2025-03-02 21:59,광교더리브,112D,34D,,,2020-11-16,5,34
 ,광교더리브,41117-287,1013,0000,2013, , , ,"116,500",28,12,2020, , ,84.81,26,1013,1,N, ,센트럴파크로,00034,00000,3177032,02,41117,0,41117, ,10400,하동,센트럴파크로 34,136913,2025-03-02 21:59,광교더리브,112E,34E,,,2020-12-28,5,34
 ,광교더리브,41117-287,1013,0000,2013, , , ,"98,700",31,12,2020, , ,74.78,13,1013,1,N, ,센트럴파크로,00034,00000,3177032,02,41117,0,41117, ,10400,하동,센트럴파크로 34,136913,2025-03-02 21:59,광교더리브,99A,30A,,,2020-12-31,5,30
 ,광교더리브,41117-287,1013,0000,2013, , , ,"98,700",31,12,2020, , ,74.78,13,1013,1,N, ,센트럴파크로,00034,00000,3177032,02,41117,0,41117, ,10400,하동,센트럴파크로 34,136913,2025-03-02 21:59,광교더리브,99B,30B,,,2020-12-31,5,30
 ,광교더리브,41117-287,1013,0000,2013, , , ,"94,300",19,12,2020, , ,74.78,17,1013,1,N, ,센트럴파크로,00034,00000,3177032,02,41117,0,41117, ,10400,하동,센트럴파크로 34,136913,2025-03-02 21:59,광교더리브,99A,30A,,,2020-12-19,5,30
 ,광교더리브,41117-287,1013,0000,2013, , , ,"94,300",19,12,2020, , ,74.78,17,1013,1,N, ,센트럴파크로,00034,00000,3177032,02,41117,0,41117, ,10400,하동,센트럴파크로 34,136913,2025-03-02 21:59,광교더리브,99B,30B,,,2020-12-19,5,30
 ,광교더리브,41117-287,1013,0000,2013, , , ,"108,800",17,12,2020, , ,84.92,13,1013,1,N, ,센트럴파크로,00034,00000,3177032,02,41117,0,41117, ,10400,하동,센트럴파크로 34,136913,2025-03-02 21:59,광교더리브,112D,34D,,,2020-12-17,5,34
 ,광교더리브,41117-287,1013,0000,2013, , , ,"110,000",22,12,2020, , ,84.81,20,1013,1,N, ,센트럴파크로,00034,00000,3177032,02,41117,0,41117, ,10400,하동,센트럴파크로 34,136913,2025-03-02 21:59,광교더리브,112E,34E,,,2020-12-22,5,34
 ,광교더리브,41117-287,1013,0000,2013, , , ,"98,000",17,12,2020, , ,84.81,9,1013,1,N, ,센트럴파크로,00034,00000,3177032,02,41117,0,41117, ,10400,하동,센트럴파크로 34,136913,2025-03-02 21:59,광교더리브,112E,34E,,,2020-12-17,5,34
 ,광교더리브,41117-287,1013,0000,2013, , , ,"99,900",4,12,2020, , ,74.78,12,1013,1,N, ,센트럴파크로,00034,00000,3177032,02,41117,0,41117, ,10400,하동,센트럴파크로 34,136913,2025-03-02 21:59,광교더리브,99A,30A,,,2020-12-04,5,30
 ,광교더리브,41117-287,1013,0000,2013, , , ,"99,900",4,12,2020, , ,74.78,12,1013,1,N, ,센트럴파크로,00034,00000,3177032,02,41117,0,41117, ,10400,하동,센트럴파크로 34,136913,2025-03-02 21:59,광교더리브,99B,30B,,,2020-12-04,5,30
 ,광교더리브,41117-287,1013,0000,2013, , , ,"109,800",23,12,2020, , ,74.78,8,1013,1,N, ,센트럴파크로,00034,00000,3177032,02,41117,0,41117, ,10400,하동,센트럴파크로 34,136913,2025-03-02 21:59,광교더리브,99A,30A,,,2020-12-23,5,30
 ,광교더리브,41117-287,1013,0000,2013, , , ,"109,800",23,12,2020, , ,74.78,8,1013,1,N, ,센트럴파크로,00034,00000,3177032,02,41117,0,41117, ,10400,하동,센트럴파크로 34,136913,2025-03-02 21:59,광교더리브,99B,30B,,,2020-12-23,5,30
 ,광교더리브,41117-287,1013,0000,2013, , , ,"85,000",1,12,2020, , ,84.81,15,1013,1,N, ,센트럴파크로,00034,00000,3177032,02,41117,0,41117, ,10400,하동,센트럴파크로 34,136913,2025-03-02 21:59,광교더리브,112E,34E,,,2020-12-01,5,34
 ,광교더리브,41117-287,1013,0000,2013, , , ,"88,000",15,12,2020, , ,74.78,8,1013,1,N, ,센트럴파크로,00034,00000,3177032,02,41117,0,41117, ,10400,하동,센트럴파크로 34,136913,2025-03-02 21:59,광교더리브,99A,30A,,,2020-12-15,5,30
 ,광교더리브,41117-287,1013,0000,2013, , , ,"88,000",15,12,2020, , ,74.78,8,1013,1,N, ,센트럴파크로,00034,00000,3177032,02,41117,0,41117, ,10400,하동,센트럴파크로 34,136913,2025-03-02 21:59,광교더리브,99B,30B,,,2020-12-15,5,30
 ,광교더리브,41117-287,1013,0000,2013, , , ,"107,000",10,12,2020, , ,84.81,6,1013,1,N, ,센트럴파크로,00034,00000,3177032,02,41117,0,41117, ,10400,하동,센트럴파크로 34,136913,2025-03-02 21:59,광교더리브,112E,34E,,,2020-12-10,5,34
 ,광교더리브,41117-287,1013,0000,2013, , , ,"98,000",3,12,2020, , ,84.81,23,1013,1,N, ,센트럴파크로,00034,00000,3177032,02,41117,0,41117, ,10400,하동,센트럴파크로 34,136913,2025-03-02 21:59,광교더리브,112E,34E,,,2020-12-03,5,34
 ,광교더리브,41117-287,1013,0000,2013, , , ,"108,000",5,12,2020, , ,84.92,20,1013,1,N, ,센트럴파크로,00034,00000,3177032,02,41117,0,41117, ,10400,하동,센트럴파크로 34,136913,2025-03-02 21:59,광교더리브,112D,34D,,,2020-12-05,5,34
 ,광교더리브,41117-287,1013,0000,2013, , , ,"89,000",7,12,2020, , ,84.92,3,1013,1,N, ,센트럴파크로,00034,00000,3177032,02,41117,0,41117, ,10400,하동,센트럴파크로 34,136913,2025-03-02 21:59,광교더리브,112D,34D,,,2020-12-07,5,34
 ,광교더리브,41117-287,1013,0000,2013, , , ,"96,500",5,12,2020, , ,84.81,13,1013,1,N, ,센트럴파크로,00034,00000,3177032,02,41117,0,41117, ,10400,하동,센트럴파크로 34,136913,2025-03-02 21:59,광교더리브,112E,34E,,,2020-12-05,5,34
 ,광교더리브,41117-287,1013,0000,2013, , , ,"102,000",29,1,2021, , ,74.78,2,1013,1,N, ,센트럴파크로,00034,00000,3177032,02,41117,0,41117, ,10400,하동,센트럴파크로 34,136913,2025-03-02 21:59,광교더리브,99A,30A,,,2021-01-29,5,30
 ,광교더리브,41117-287,1013,0000,2013, , , ,"102,000",29,1,2021, , ,74.78,2,1013,1,N, ,센트럴파크로,00034,00000,3177032,02,41117,0,41117, ,10400,하동,센트럴파크로 34,136913,2025-03-02 21:59,광교더리브,99B,30B,,,2021-01-29,5,30
 ,광교더리브,41117-287,1013,0000,2013, , , ,"109,800",30,1,2021, , ,84.92,5,1013,1,N, ,센트럴파크로,00034,00000,3177032,02,41117,0,41117, ,10400,하동,센트럴파크로 34,136913,2025-03-02 21:59,광교더리브,112D,34D,,,2021-01-30,5,34
 ,광교더리브,41117-287,1013,0000,2013, , , ,"113,000",30,1,2021, , ,84.92,10,1013,1,N, ,센트럴파크로,00034,00000,3177032,02,41117,0,41117, ,10400,하동,센트럴파크로 34,136913,2025-03-02 21:59,광교더리브,112D,34D,,,2021-01-30,5,34
 ,광교더리브,41117-287,1013,0000,2013, , , ,"116,000",16,1,2021, , ,84.92,27,1013,1,N, ,센트럴파크로,00034,00000,3177032,02,41117,0,41117, ,10400,하동,센트럴파크로 34,136913,2025-03-02 21:59,광교더리브,112D,34D,,,2021-01-16,5,34
 ,광교더리브,41117-287,1013,0000,2013, , , ,"105,000",31,1,2021, , ,84.81,4,1013,1,N, ,센트럴파크로,00034,00000,3177032,02,41117,0,41117, ,10400,하동,센트럴파크로 34,136913,2025-03-02 21:59,광교더리브,112E,34E,,,2021-01-31,5,34
 ,광교더리브,41117-287,1013,0000,2013, , , ,"107,000",19,1,2021, , ,84.81,18,1013,1,N, ,센트럴파크로,00034,00000,3177032,02,41117,0,41117, ,10400,하동,센트럴파크로 34,136913,2025-03-02 21:59,광교더리브,112E,34E,,,2021-01-19,5,34
 ,광교더리브,41117-287,1013,0000,2013, , , ,"88,700",26,1,2021, , ,74.78,11,1013,1,N, ,센트럴파크로,00034,00000,3177032,02,41117,0,41117, ,10400,하동,센트럴파크로 34,136913,2025-03-02 21:59,광교더리브,99A,30A,,,2021-01-26,5,30
 ,광교더리브,41117-287,1013,0000,2013, , , ,"88,700",26,1,2021, , ,74.78,11,1013,1,N, ,센트럴파크로,00034,00000,3177032,02,41117,0,41117, ,10400,하동,센트럴파크로 34,136913,2025-03-02 21:59,광교더리브,99B,30B,,,2021-01-26,5,30
 ,광교더리브,41117-287,1013,0000,2013, , , ,"100,000",5,1,2021, , ,74.78,17,1013,1,N, ,센트럴파크로,00034,00000,3177032,02,41117,0,41117, ,10400,하동,센트럴파크로 34,136913,2025-03-02 21:59,광교더리브,99A,30A,,,2021-01-05,5,30
 ,광교더리브,41117-287,1013,0000,2013, , , ,"100,000",5,1,2021, , ,74.78,17,1013,1,N, ,센트럴파크로,00034,00000,3177032,02,41117,0,41117, ,10400,하동,센트럴파크로 34,136913,2025-03-02 21:59,광교더리브,99B,30B,,,2021-01-05,5,30
 ,광교더리브,41117-287,1013,0000,2013, , , ,"107,000",6,1,2021, , ,74.78,24,1013,1,N, ,센트럴파크로,00034,00000,3177032,02,41117,0,41117, ,10400,하동,센트럴파크로 34,136913,2025-03-02 21:59,광교더리브,99A,30A,,,2021-01-06,5,30
 ,광교더리브,41117-287,1013,0000,2013, , , ,"107,000",6,1,2021, , ,74.78,24,1013,1,N, ,센트럴파크로,00034,00000,3177032,02,41117,0,41117, ,10400,하동,센트럴파크로 34,136913,2025-03-02 21:59,광교더리브,99B,30B,,,2021-01-06,5,30
 ,광교더리브,41117-287,1013,0000,2013, , , ,"117,700",15,1,2021, , ,84.81,24,1013,1,N, ,센트럴파크로,00034,00000,3177032,02,41117,0,41117, ,10400,하동,센트럴파크로 34,136913,2025-03-02 21:59,광교더리브,112E,34E,,,2021-01-15,5,34
 ,광교더리브,41117-287,1013,0000,2013, , , ,"105,000",6,1,2021, , ,74.78,14,1013,1,N, ,센트럴파크로,00034,00000,3177032,02,41117,0,41117, ,10400,하동,센트럴파크로 34,136913,2025-03-02 21:59,광교더리브,99A,30A,,,2021-01-06,5,30
 ,광교더리브,41117-287,1013,0000,2013, , , ,"105,000",6,1,2021, , ,74.78,14,1013,1,N, ,센트럴파크로,00034,00000,3177032,02,41117,0,41117, ,10400,하동,센트럴파크로 34,136913,2025-03-02 21:59,광교더리브,99B,30B,,,2021-01-06,5,30
 ,광교더리브,41117-287,1013,0000,2013, ,21.02.01,O,"100,000",5,1,2021, , ,74.78,17,1013,1,N, ,센트럴파크로,00034,00000,3177032,02,41117,0,41117, ,10400,하동,센트럴파크로 34,136913,2025-03-02 21:59,광교더리브,99A,30A,,,2021-01-05,5,30
 ,광교더리브,41117-287,1013,0000,2013, ,21.02.01,O,"100,000",5,1,2021, , ,74.78,17,1013,1,N, ,센트럴파크로,00034,00000,3177032,02,41117,0,41117, ,10400,하동,센트럴파크로 34,136913,2025-03-02 21:59,광교더리브,99B,30B,,,2021-01-05,5,30
 ,광교더리브,41117-287,1013,0000,2013, , , ,"117,500",24,2,2021, , ,84.92,27,1013,1,N, ,센트럴파크로,00034,00000,3177032,02,41117,0,41117, ,10400,하동,센트럴파크로 34,136913,2025-03-02 21:59,광교더리브,112D,34D,,,2021-02-24,5,34
 ,광교더리브,41117-287,1013,0000,2013, , , ,"101,800",17,2,2021, , ,84.81,2,1013,1,N, ,센트럴파크로,00034,00000,3177032,02,41117,0,41117, ,10400,하동,센트럴파크로 34,136913,2025-03-02 21:59,광교더리브,112E,34E,,,2021-02-17,5,34
 ,광교더리브,41117-287,1013,0000,2013, , , ,"95,000",27,2,2021, , ,84.92,7,1013,1,N, ,센트럴파크로,00034,00000,3177032,02,41117,0,41117, ,10400,하동,센트럴파크로 34,136913,2025-03-02 21:59,광교더리브,112D,34D,,,2021-02-27,5,34
 ,광교더리브,41117-287,1013,0000,2013, , , ,"105,000",15,2,2021, , ,84.81,6,1013,1,N, ,센트럴파크로,00034,00000,3177032,02,41117,0,41117, ,10400,하동,센트럴파크로 34,136913,2025-03-02 21:59,광교더리브,112E,34E,,,2021-02-15,5,34
 ,광교더리브,41117-287,1013,0000,2013, , , ,"119,700",18,2,2021, , ,84.92,10,1013,1,N, ,센트럴파크로,00034,00000,3177032,02,41117,0,41117, ,10400,하동,센트럴파크로 34,136913,2025-03-02 21:59,광교더리브,112D,34D,,,2021-02-18,5,34
 ,광교더리브,41117-287,1013,0000,2013, , , ,"95,000",25,2,2021, , ,74.78,23,1013,1,N, ,센트럴파크로,00034,00000,3177032,02,41117,0,41117, ,10400,하동,센트럴파크로 34,136913,2025-03-02 21:59,광교더리브,99A,30A,,,2021-02-25,5,30
 ,광교더리브,41117-287,1013,0000,2013, , , ,"95,000",25,2,2021, , ,74.78,23,1013,1,N, ,센트럴파크로,00034,00000,3177032,02,41117,0,41117, ,10400,하동,센트럴파크로 34,136913,2025-03-02 21:59,광교더리브,99B,30B,,,2021-02-25,5,30
 ,광교더리브,41117-287,1013,0000,2013, , , ,"112,000",3,2,2021, , ,84.81,17,1013,1,N, ,센트럴파크로,00034,00000,3177032,02,41117,0,41117, ,10400,하동,센트럴파크로 34,136913,2025-03-02 21:59,광교더리브,112E,34E,,,2021-02-03,5,34
 ,광교더리브,41117-287,1013,0000,2013, , , ,"121,000",16,2,2021, , ,84.92,15,1013,1,N, ,센트럴파크로,00034,00000,3177032,02,41117,0,41117, ,10400,하동,센트럴파크로 34,136913,2025-03-02 21:59,광교더리브,112D,34D,,,2021-02-16,5,34
 ,광교더리브,41117-287,1013,0000,2013, , , ,"100,000",20,2,2021, , ,84.81,14,1013,1,N, ,센트럴파크로,00034,00000,3177032,02,41117,0,41117, ,10400,하동,센트럴파크로 34,136913,2025-03-02 21:59,광교더리브,112E,34E,,,2021-02-20,5,34
 ,광교더리브,41117-287,1013,0000,2013, , , ,"112,500",10,2,2021, , ,84.81,19,1013,1,N, ,센트럴파크로,00034,00000,3177032,02,41117,0,41117, ,10400,하동,센트럴파크로 34,136913,2025-03-02 21:59,광교더리브,112E,34E,,,2021-02-10,5,34
 ,광교더리브,41117-287,1013,0000,2013, , , ,"88,000",15,2,2021, , ,74.78,13,1013,1,N, ,센트럴파크로,00034,00000,3177032,02,41117,0,41117, ,10400,하동,센트럴파크로 34,136913,2025-03-02 21:59,광교더리브,99A,30A,,,2021-02-15,5,30
 ,광교더리브,41117-287,1013,0000,2013, , , ,"88,000",15,2,2021, , ,74.78,13,1013,1,N, ,센트럴파크로,00034,00000,3177032,02,41117,0,41117, ,10400,하동,센트럴파크로 34,136913,2025-03-02 21:59,광교더리브,99B,30B,,,2021-02-15,5,30
 ,광교더리브,41117-287,1013,0000,2013, , , ,"93,500",4,2,2021, , ,74.78,10,1013,1,N, ,센트럴파크로,00034,00000,3177032,02,41117,0,41117, ,10400,하동,센트럴파크로 34,136913,2025-03-02 21:59,광교더리브,99A,30A,,,2021-02-04,5,30
 ,광교더리브,41117-287,1013,0000,2013, , , ,"93,500",4,2,2021, , ,74.78,10,1013,1,N, ,센트럴파크로,00034,00000,3177032,02,41117,0,41117, ,10400,하동,센트럴파크로 34,136913,2025-03-02 21:59,광교더리브,99B,30B,,,2021-02-04,5,30
 ,광교더리브,41117-287,1013,0000,2013, , , ,"108,000",27,3,2021, , ,84.92,1,1013,1,N, ,센트럴파크로,00034,00000,3177032,02,41117,0,41117, ,10400,하동,센트럴파크로 34,136913,2025-03-02 21:59,광교더리브,112D,34D,,,2021-03-27,5,34
 ,광교더리브,41117-287,1013,0000,2013, , , ,"123,000",21,3,2021, , ,84.81,26,1013,1,N, ,센트럴파크로,00034,00000,3177032,02,41117,0,41117, ,10400,하동,센트럴파크로 34,136913,2025-03-02 21:59,광교더리브,112E,34E,,,2021-03-21,5,34
 ,광교더리브,41117-287,1013,0000,2013, , , ,"122,000",18,3,2021, , ,84.92,21,1013,1,N, ,센트럴파크로,00034,00000,3177032,02,41117,0,41117, ,10400,하동,센트럴파크로 34,136913,2025-03-02 21:59,광교더리브,112D,34D,,,2021-03-18,5,34
 ,광교더리브,41117-287,1013,0000,2013, , , ,"120,000",9,3,2021, , ,84.81,24,1013,1,N, ,센트럴파크로,00034,00000,3177032,02,41117,0,41117, ,10400,하동,센트럴파크로 34,136913,2025-03-02 21:59,광교더리브,112E,34E,,,2021-03-09,5,34
 ,광교더리브,41117-287,1013,0000,2013, , , ,"119,000",22,3,2021, , ,84.81,22,1013,1,N, ,센트럴파크로,00034,00000,3177032,02,41117,0,41117, ,10400,하동,센트럴파크로 34,136913,2025-03-02 21:59,광교더리브,112E,34E,,,2021-03-22,5,34
 ,광교더리브,41117-287,1013,0000,2013, ,21.04.07,O,"100,000",24,3,2021, , ,84.92,12,1013,1,N, ,센트럴파크로,00034,00000,3177032,02,41117,0,41117, ,10400,하동,센트럴파크로 34,136913,2025-03-02 21:59,광교더리브,112D,34D,,,2021-03-24,5,34
 ,광교더리브,41117-287,1013,0000,2013, , , ,"64,500",9,3,2021, , ,84.92,17,1013,1,N, ,센트럴파크로,00034,00000,3177032,02,41117,0,41117, ,10400,하동,센트럴파크로 34,136913,2025-03-02 21:59,광교더리브,112D,34D,,,2021-03-09,5,34
 ,광교더리브,41117-287,1013,0000,2013, , , ,"108,000",5,3,2021, , ,84.81,1,1013,1,N, ,센트럴파크로,00034,00000,3177032,02,41117,0,41117, ,10400,하동,센트럴파크로 34,136913,2025-03-02 21:59,광교더리브,112E,34E,,,2021-03-05,5,34
 ,광교더리브,41117-287,1013,0000,2013, , , ,"114,000",2,3,2021, , ,84.81,22,1013,1,N, ,센트럴파크로,00034,00000,3177032,02,41117,0,41117, ,10400,하동,센트럴파크로 34,136913,2025-03-02 21:59,광교더리브,112E,34E,,,2021-03-02,5,34
 ,광교더리브,41117-287,1013,0000,2013, , , ,"113,000",2,3,2021, , ,84.81,3,1013,1,N, ,센트럴파크로,00034,00000,3177032,02,41117,0,41117, ,10400,하동,센트럴파크로 34,136913,2025-03-02 21:59,광교더리브,112E,34E,,,2021-03-02,5,34
 ,광교더리브,41117-287,1013,0000,2013, , , ,"114,500",30,4,2021, , ,84.81,25,1013,1,N, ,센트럴파크로,00034,00000,3177032,02,41117,0,41117, ,10400,하동,센트럴파크로 34,136913,2025-03-02 21:59,광교더리브,112E,34E,,,2021-04-30,5,34
 ,광교더리브,41117-287,1013,0000,2013, , , ,"117,500",20,4,2021, , ,84.92,20,1013,1,N, ,센트럴파크로,00034,00000,3177032,02,41117,0,41117, ,10400,하동,센트럴파크로 34,136913,2025-03-02 21:59,광교더리브,112D,34D,,,2021-04-20,5,34
 ,광교더리브,41117-287,1013,0000,2013, , , ,"101,700",17,4,2021, , ,74.78,20,1013,1,N, ,센트럴파크로,00034,00000,3177032,02,41117,0,41117, ,10400,하동,센트럴파크로 34,136913,2025-03-02 21:59,광교더리브,99A,30A,,,2021-04-17,5,30
 ,광교더리브,41117-287,1013,0000,2013, , , ,"101,700",17,4,2021, , ,74.78,20,1013,1,N, ,센트럴파크로,00034,00000,3177032,02,41117,0,41117, ,10400,하동,센트럴파크로 34,136913,2025-03-02 21:59,광교더리브,99B,30B,,,2021-04-17,5,30
 ,광교더리브,41117-287,1013,0000,2013, , , ,"106,000",25,4,2021, , ,84.81,4,1013,1,N, ,센트럴파크로,00034,00000,3177032,02,41117,0,41117, ,10400,하동,센트럴파크로 34,136913,2025-03-02 21:59,광교더리브,112E,34E,,,2021-04-25,5,34
 ,광교더리브,41117-287,1013,0000,2013, , , ,"117,000",10,4,2021, , ,84.92,15,1013,1,N, ,센트럴파크로,00034,00000,3177032,02,41117,0,41117, ,10400,하동,센트럴파크로 34,136913,2025-03-02 21:59,광교더리브,112D,34D,,,2021-04-10,5,34
 ,광교더리브,41117-287,1013,0000,2013, , , ,"102,000",17,4,2021, , ,74.78,4,1013,1,N, ,센트럴파크로,00034,00000,3177032,02,41117,0,41117, ,10400,하동,센트럴파크로 34,136913,2025-03-02 21:59,광교더리브,99A,30A,,,2021-04-17,5,30
 ,광교더리브,41117-287,1013,0000,2013, , , ,"102,000",17,4,2021, , ,74.78,4,1013,1,N, ,센트럴파크로,00034,00000,3177032,02,41117,0,41117, ,10400,하동,센트럴파크로 34,136913,2025-03-02 21:59,광교더리브,99B,30B,,,2021-04-17,5,30
 ,광교더리브,41117-287,1013,0000,2013, , , ,"100,000",9,4,2021, , ,84.81,1,1013,1,N, ,센트럴파크로,00034,00000,3177032,02,41117,0,41117, ,10400,하동,센트럴파크로 34,136913,2025-03-02 21:59,광교더리브,112E,34E,,,2021-04-09,5,34
 ,광교더리브,41117-287,1013,0000,2013, , , ,"114,000",2,4,2021, , ,84.81,12,1013,1,N, ,센트럴파크로,00034,00000,3177032,02,41117,0,41117, ,10400,하동,센트럴파크로 34,136913,2025-03-02 21:59,광교더리브,112E,34E,,,2021-04-02,5,34
 ,광교더리브,41117-287,1013,0000,2013, , , ,"87,000",12,4,2021, , ,84.81,22,1013,1,N, ,센트럴파크로,00034,00000,3177032,02,41117,0,41117, ,10400,하동,센트럴파크로 34,136913,2025-03-02 21:59,광교더리브,112E,34E,,,2021-04-12,5,34
 ,광교더리브,41117-287,1013,0000,2013, , , ,"107,000",5,4,2021, , ,84.81,5,1013,1,N, ,센트럴파크로,00034,00000,3177032,02,41117,0,41117, ,10400,하동,센트럴파크로 34,136913,2025-03-02 21:59,광교더리브,112E,34E,,,2021-04-05,5,34
 ,광교더리브,41117-287,1013,0000,2013, , , ,"103,000",3,4,2021, , ,74.78,4,1013,1,N, ,센트럴파크로,00034,00000,3177032,02,41117,0,41117, ,10400,하동,센트럴파크로 34,136913,2025-03-02 21:59,광교더리브,99A,30A,,,2021-04-03,5,30
 ,광교더리브,41117-287,1013,0000,2013, , , ,"103,000",3,4,2021, , ,74.78,4,1013,1,N, ,센트럴파크로,00034,00000,3177032,02,41117,0,41117, ,10400,하동,센트럴파크로 34,136913,2025-03-02 21:59,광교더리브,99B,30B,,,2021-04-03,5,30
 ,광교더리브,41117-287,1013,0000,2013, , , ,"85,500",24,5,2021, , ,84.81,27,1013,1,N, ,센트럴파크로,00034,00000,3177032,02,41117,0,41117, ,10400,하동,센트럴파크로 34,136913,2025-03-02 21:59,광교더리브,112E,34E,,,2021-05-24,5,34
 ,광교더리브,41117-287,1013,0000,2013, , , ,"117,000",19,5,2021, , ,84.92,13,1013,1,N, ,센트럴파크로,00034,00000,3177032,02,41117,0,41117, ,10400,하동,센트럴파크로 34,136913,2025-03-02 21:59,광교더리브,112D,34D,,,2021-05-19,5,34
 ,광교더리브,41117-287,1013,0000,2013, , , ,"124,500",1,5,2021, , ,84.81,27,1013,1,N, ,센트럴파크로,00034,00000,3177032,02,41117,0,41117, ,10400,하동,센트럴파크로 34,136913,2025-03-02 21:59,광교더리브,112E,34E,,,2021-05-01,5,34
 ,광교더리브,41117-287,1013,0000,2013, , , ,"119,800",18,5,2021, , ,84.92,19,1013,1,N, ,센트럴파크로,00034,00000,3177032,02,41117,0,41117, ,10400,하동,센트럴파크로 34,136913,2025-03-02 21:59,광교더리브,112D,34D,,,2021-05-18,5,34
 ,광교더리브,41117-287,1013,0000,2013, , , ,"116,500",4,5,2021, , ,84.92,27,1013,1,N, ,센트럴파크로,00034,00000,3177032,02,41117,0,41117, ,10400,하동,센트럴파크로 34,136913,2025-03-02 21:59,광교더리브,112D,34D,,,2021-05-04,5,34
 ,광교더리브,41117-287,1013,0000,2013, , , ,"103,000",13,5,2021, , ,74.78,24,1013,1,N, ,센트럴파크로,00034,00000,3177032,02,41117,0,41117, ,10400,하동,센트럴파크로 34,136913,2025-03-02 21:59,광교더리브,99A,30A,,,2021-05-13,5,30
 ,광교더리브,41117-287,1013,0000,2013, , , ,"103,000",13,5,2021, , ,74.78,24,1013,1,N, ,센트럴파크로,00034,00000,3177032,02,41117,0,41117, ,10400,하동,센트럴파크로 34,136913,2025-03-02 21:59,광교더리브,99B,30B,,,2021-05-13,5,30
 ,광교더리브,41117-287,1013,0000,2013, , , ,"107,000",6,5,2021, , ,74.78,21,1013,1,N, ,센트럴파크로,00034,00000,3177032,02,41117,0,41117, ,10400,하동,센트럴파크로 34,136913,2025-03-02 21:59,광교더리브,99A,30A,,,2021-05-06,5,30
 ,광교더리브,41117-287,1013,0000,2013, , , ,"107,000",6,5,2021, , ,74.78,21,1013,1,N, ,센트럴파크로,00034,00000,3177032,02,41117,0,41117, ,10400,하동,센트럴파크로 34,136913,2025-03-02 21:59,광교더리브,99B,30B,,,2021-05-06,5,30
 ,광교더리브,41117-287,1013,0000,2013, , , ,"107,500",25,6,2021, , ,84.81,4,1013,1,N, ,센트럴파크로,00034,00000,3177032,02,41117,0,41117, ,10400,하동,센트럴파크로 34,136913,2025-03-02 21:59,광교더리브,112E,34E,,,2021-06-25,5,34
 ,광교더리브,41117-287,1013,0000,2013, , , ,"129,000",14,8,2021, , ,84.81,10,1013,1,N, ,센트럴파크로,00034,00000,3177032,02,41117,0,41117, ,10400,하동,센트럴파크로 34,136913,2025-03-02 21:59,광교더리브,112E,34E,,,2021-08-14,5,34
 ,광교더리브,41117-287,1013,0000,2013, ,22.01.25,O,"135,000",24,9,2021, , ,84.81,16,1013,1,N, ,센트럴파크로,00034,00000,3177032,02,41117,0,41117, ,10400,하동,센트럴파크로 34,136913,2025-03-02 21:59,광교더리브,112E,34E,,,2021-09-24,5,34
 ,광교더리브,41117-287,1013,0000,2013, , , ,"129,500",10,9,2021, , ,84.81,9,1013,1,N, ,센트럴파크로,00034,00000,3177032,02,41117,0,41117, ,10400,하동,센트럴파크로 34,136913,2025-03-02 21:59,광교더리브,112E,34E,,,2021-09-10,5,34
 ,광교더리브,41117-287,1013,0000,2013, , , ,"130,000",11,9,2021, , ,84.81,3,1013,1,N, ,센트럴파크로,00034,00000,3177032,02,41117,0,41117, ,10400,하동,센트럴파크로 34,136913,2025-03-02 21:59,광교더리브,112E,34E,,,2021-09-11,5,34
 ,광교더리브,41117-287,1013,0000,2013, , , ,"123,000",3,9,2021, , ,84.81,10,1013,1,N, ,센트럴파크로,00034,00000,3177032,02,41117,0,41117, ,10400,하동,센트럴파크로 34,136913,2025-03-02 21:59,광교더리브,112E,34E,,,2021-09-03,5,34
 ,광교더리브,41117-287,1013,0000,2013, , , ,"112,500",27,12,2021,중개거래,경기 수원영통구,74.78,18,1013,1,N, ,센트럴파크로,00034,00000,3177032,02,41117,0,41117, ,10400,하동,센트럴파크로 34,136913,2025-03-02 21:59,광교더리브,99A,30A,,,2021-12-27,5,30
 ,광교더리브,41117-287,1013,0000,2013, , , ,"112,500",27,12,2021,중개거래,경기 수원영통구,74.78,18,1013,1,N, ,센트럴파크로,00034,00000,3177032,02,41117,0,41117, ,10400,하동,센트럴파크로 34,136913,2025-03-02 21:59,광교더리브,99B,30B,,,2021-12-27,5,30
 ,광교더리브,41117-287,1013,0000,2013, , , ,"120,000",11,1,2022,중개거래,경기 수원영통구,84.81,11,1013,1,N, ,센트럴파크로,00034,00000,3177032,02,41117,0,41117, ,10400,하동,센트럴파크로 34,136913,2025-03-02 21:59,광교더리브,112E,34E,,,2022-01-11,5,34
 ,광교더리브,41117-287,1013,0000,2013, , , ,"135,000",19,1,2022,중개거래,경기 수원영통구,84.81,16,1013,1,N, ,센트럴파크로,00034,00000,3177032,02,41117,0,41117, ,10400,하동,센트럴파크로 34,136913,2025-03-02 21:59,광교더리브,112E,34E,,,2022-01-19,5,34
 ,광교더리브,41117-287,1013,0000,2013, , , ,"101,000",21,10,2022,중개거래,경기 수원영통구,84.92,24,1013,1,N, ,센트럴파크로,00034,00000,3177032,02,41117,0,41117, ,10400,하동,센트럴파크로 34,136913,2025-03-02 21:59,광교더리브,112D,34D,,,2022-10-21,3,34
 ,광교더리브,41117-287,1013,0000,2013, , , ,"77,000",30,11,2022,중개거래,경기 수원영통구,74.78,5,1013,1,N, ,센트럴파크로,00034,00000,3177032,02,41117,0,41117, ,10400,하동,센트럴파크로 34,136913,2025-03-02 21:59,광교더리브,99A,30A,,,2022-11-30,3,30
 ,광교더리브,41117-287,1013,0000,2013, , , ,"77,000",30,11,2022,중개거래,경기 수원영통구,74.78,5,1013,1,N, ,센트럴파크로,00034,00000,3177032,02,41117,0,41117, ,10400,하동,센트럴파크로 34,136913,2025-03-02 21:59,광교더리브,99B,30B,,,2022-11-30,3,30
 ,광교더리브,41117-287,1013,0000,2013, , , ,"78,000",11,11,2022,중개거래,경기 수원영통구,74.78,18,1013,1,N, ,센트럴파크로,00034,00000,3177032,02,41117,0,41117, ,10400,하동,센트럴파크로 34,136913,2025-03-02 21:59,광교더리브,99A,30A,,,2022-11-11,3,30
 ,광교더리브,41117-287,1013,0000,2013, , , ,"78,000",11,11,2022,중개거래,경기 수원영통구,74.78,18,1013,1,N, ,센트럴파크로,00034,00000,3177032,02,41117,0,41117, ,10400,하동,센트럴파크로 34,136913,2025-03-02 21:59,광교더리브,99B,30B,,,2022-11-11,3,30
 ,광교더리브,41117-287,1013,0000,2013, , , ,"90,000",10,12,2022,중개거래,경기 수원영통구,84.92,21,1013,1,N, ,센트럴파크로,00034,00000,3177032,02,41117,0,41117, ,10400,하동,센트럴파크로 34,136913,2025-03-02 21:59,광교더리브,112D,34D,,,2022-12-10,3,34
 ,광교더리브,41117-287,1013,0000,2013, ,23.03.15,O,"91,000",30,12,2022,중개거래,경기 수원영통구,84.92,27,1013,1,N, ,센트럴파크로,00034,00000,3177032,02,41117,0,41117, ,10400,하동,센트럴파크로 34,136913,2025-03-02 21:59,광교더리브,112D,34D,,,2022-12-30,3,34
 ,광교더리브,41117-287,1013,0000,2013, , , ,"90,000",7,12,2022,중개거래,경기 수원영통구,84.81,15,1013,1,N, ,센트럴파크로,00034,00000,3177032,02,41117,0,41117, ,10400,하동,센트럴파크로 34,136913,2025-03-02 21:59,광교더리브,112E,34E,,,2022-12-07,3,34
 ,광교더리브,41117-287,1013,0000,2013, , , ,"79,500",17,12,2022,중개거래,경기 수원영통구,74.78,7,1013,1,N, ,센트럴파크로,00034,00000,3177032,02,41117,0,41117, ,10400,하동,센트럴파크로 34,136913,2025-03-02 21:59,광교더리브,99A,30A,,,2022-12-17,3,30
 ,광교더리브,41117-287,1013,0000,2013, , , ,"79,500",17,12,2022,중개거래,경기 수원영통구,74.78,7,1013,1,N, ,센트럴파크로,00034,00000,3177032,02,41117,0,41117, ,10400,하동,센트럴파크로 34,136913,2025-03-02 21:59,광교더리브,99B,30B,,,2022-12-17,3,30
6209,광교더리브,41117-287,1013,0000,2013, , , ,"86,000",28,1,2023,중개거래,경기 수원영통구 경기 용인수지구,84.81,13,1013,1,N,23.02.28,센트럴파크로,00034,00000,3177032,02,41117,0,41117, ,10400,하동,센트럴파크로 34,136913,2025-03-02 21:59,광교더리브,112E,34E,27.0,중층,2023-01-28,3,34
6208,광교더리브,41117-287,1013,0000,2013, , , ,"90,000",18,1,2023,중개거래,경기 수원영통구,84.92,25,1013,1,N,23.04.10,센트럴파크로,00034,00000,3177032,02,41117,0,41117, ,10400,하동,센트럴파크로 34,136913,2025-03-02 21:59,광교더리브,112D,34D,27.0,고층,2023-01-18,3,34
6201,광교더리브,41117-287,1013,0000,2013, , , ,"80,600",26,1,2023,중개거래,경기 수원영통구,74.78,20,1013,1,N,23.05.04,센트럴파크로,00034,00000,3177032,02,41117,0,41117, ,10400,하동,센트럴파크로 34,136913,2025-03-02 21:59,광교더리브,99A,30A,26.0,고층,2023-01-26,3,30
6201,광교더리브,41117-287,1013,0000,2013, , , ,"80,600",26,1,2023,중개거래,경기 수원영통구,74.78,20,1013,1,N,23.05.04,센트럴파크로,00034,00000,3177032,02,41117,0,41117, ,10400,하동,센트럴파크로 34,136913,2025-03-02 21:59,광교더리브,99B,30B,26.0,고층,2023-01-26,3,30
6206,광교더리브,41117-287,1013,0000,2013, , , ,"91,000",24,2,2023,중개거래,경기 수원영통구,84.92,27,1013,1,N,23.03.27,센트럴파크로,00034,00000,3177032,02,41117,0,41117, ,10400,하동,센트럴파크로 34,136913,2025-03-02 21:59,광교더리브,112D,34D,27.0,탑층,2023-02-24,3,34
6208,광교더리브,41117-287,1013,0000,2013, , , ,"90,000",20,2,2023,중개거래,경기 수원영통구,84.81,1,1013,1,N,23.03.13,센트럴파크로,00034,00000,3177032,02,41117,0,41117, ,10400,하동,센트럴파크로 34,136913,2025-03-02 21:59,광교더리브,112E,34E,27.0,1층,2023-02-20,3,34
6201,광교더리브,41117-287,1013,0000,2013, , , ,"86,000",17,2,2023,중개거래,경기 수원영통구,74.78,23,1013,1,N,23.06.15,센트럴파크로,00034,00000,3177032,02,41117,0,41117, ,10400,하동,센트럴파크로 34,136913,2025-03-02 21:59,광교더리브,99A,30A,26.0,고층,2023-02-17,3,30
6201,광교더리브,41117-287,1013,0000,2013, , , ,"86,000",17,2,2023,중개거래,경기 수원영통구,74.78,23,1013,1,N,23.06.15,센트럴파크로,00034,00000,3177032,02,41117,0,41117, ,10400,하동,센트럴파크로 34,136913,2025-03-02 21:59,광교더리브,99B,30B,26.0,고층,2023-02-17,3,30
6201,광교더리브,41117-287,1013,0000,2013, , , ,"86,000",21,2,2023,중개거래,경기 수원영통구,74.78,14,1013,1,N,23.05.31,센트럴파크로,00034,00000,3177032,02,41117,0,41117, ,10400,하동,센트럴파크로 34,136913,2025-03-02 21:59,광교더리브,99A,30A,26.0,중층,2023-02-21,3,30
6201,광교더리브,41117-287,1013,0000,2013, , , ,"86,000",21,2,2023,중개거래,경기 수원영통구,74.78,14,1013,1,N,23.05.31,센트럴파크로,00034,00000,3177032,02,41117,0,41117, ,10400,하동,센트럴파크로 34,136913,2025-03-02 21:59,광교더리브,99B,30B,26.0,중층,2023-02-21,3,30
6205,광교더리브,41117-287,1013,0000,2013, , , ,"87,000",16,2,2023,중개거래,경기 수원영통구,84.92,2,1013,1,N,23.04.27,센트럴파크로,00034,00000,3177032,02,41117,0,41117, ,10400,하동,센트럴파크로 34,136913,2025-03-02 21:59,광교더리브,112D,34D,27.0,저층,2023-02-16,3,34
6204,광교더리브,41117-287,1013,0000,2013, , , ,"90,000",8,2,2023,중개거래,경기 수원영통구,84.92,6,1013,1,N,23.04.25,센트럴파크로,00034,00000,3177032,02,41117,0,41117, ,10400,하동,센트럴파크로 34,136913,2025-03-02 21:59,광교더리브,112D,34D,23.0,저층,2023-02-08,3,34
6202,광교더리브,41117-287,1013,0000,2013, , , ,"80,000",4,2,2023,중개거래,경기 수원영통구,74.78,13,1013,1,N,23.05.15,센트럴파크로,00034,00000,3177032,02,41117,0,41117, ,10400,하동,센트럴파크로 34,136913,2025-03-02 21:59,광교더리브,99A,30A,24.0,중층,2023-02-04,3,30
6202,광교더리브,41117-287,1013,0000,2013, , , ,"80,000",4,2,2023,중개거래,경기 수원영통구,74.78,13,1013,1,N,23.05.15,센트럴파크로,00034,00000,3177032,02,41117,0,41117, ,10400,하동,센트럴파크로 34,136913,2025-03-02 21:59,광교더리브,99B,30B,24.0,중층,2023-02-04,3,30
6206,광교더리브,41117-287,1013,0000,2013, , , ,"93,500",7,2,2023,중개거래,경기 수원영통구,84.81,21,1013,1,N,23.04.21,센트럴파크로,00034,00000,3177032,02,41117,0,41117, ,10400,하동,센트럴파크로 34,136913,2025-03-02 21:59,광교더리브,112E,34E,27.0,고층,2023-02-07,3,34
6202,광교더리브,41117-287,1013,0000,2013, , , ,"85,000",7,2,2023,중개거래,경기 수원영통구,74.78,14,1013,1,N,23.06.07,센트럴파크로,00034,00000,3177032,02,41117,0,41117, ,10400,하동,센트럴파크로 34,136913,2025-03-02 21:59,광교더리브,99A,30A,24.0,중층,2023-02-07,3,30
6202,광교더리브,41117-287,1013,0000,2013, , , ,"85,000",7,2,2023,중개거래,경기 수원영통구,74.78,14,1013,1,N,23.06.07,센트럴파크로,00034,00000,3177032,02,41117,0,41117, ,10400,하동,센트럴파크로 34,136913,2025-03-02 21:59,광교더리브,99B,30B,24.0,중층,2023-02-07,3,30
6201,광교더리브,41117-287,1013,0000,2013, , , ,"78,000",1,2,2023,중개거래,경기 수원영통구,74.78,10,1013,1,N,23.03.23,센트럴파크로,00034,00000,3177032,02,41117,0,41117, ,10400,하동,센트럴파크로 34,136913,2025-03-02 21:59,광교더리브,99A,30A,26.0,중층,2023-02-01,3,30
6201,광교더리브,41117-287,1013,0000,2013, , , ,"78,000",1,2,2023,중개거래,경기 수원영통구,74.78,10,1013,1,N,23.03.23,센트럴파크로,00034,00000,3177032,02,41117,0,41117, ,10400,하동,센트럴파크로 34,136913,2025-03-02 21:59,광교더리브,99B,30B,26.0,중층,2023-02-01,3,30
6206,광교더리브,41117-287,1013,0000,2013, , , ,"93,500",6,2,2023,중개거래,경기 수원영통구,84.81,5,1013,1,N,23.04.10,센트럴파크로,00034,00000,3177032,02,41117,0,41117, ,10400,하동,센트럴파크로 34,136913,2025-03-02 21:59,광교더리브,112E,34E,27.0,저층,2023-02-06,3,34
6204,광교더리브,41117-287,1013,0000,2013, , , ,"83,200",7,2,2023,중개거래,경기 수원영통구,74.78,5,1013,1,N,23.06.30,센트럴파크로,00034,00000,3177032,02,41117,0,41117, ,10400,하동,센트럴파크로 34,136913,2025-03-02 21:59,광교더리브,99A,30A,23.0,저층,2023-02-07,3,30
6204,광교더리브,41117-287,1013,0000,2013, , , ,"83,200",7,2,2023,중개거래,경기 수원영통구,74.78,5,1013,1,N,23.06.30,센트럴파크로,00034,00000,3177032,02,41117,0,41117, ,10400,하동,센트럴파크로 34,136913,2025-03-02 21:59,광교더리브,99B,30B,23.0,저층,2023-02-07,3,30
6202,광교더리브,41117-287,1013,0000,2013, , , ,"82,300",3,2,2023,중개거래,경기 수원영통구,74.78,17,1013,1,N,23.04.20,센트럴파크로,00034,00000,3177032,02,41117,0,41117, ,10400,하동,센트럴파크로 34,136913,2025-03-02 21:59,광교더리브,99A,30A,24.0,고층,2023-02-03,3,30
6202,광교더리브,41117-287,1013,0000,2013, , , ,"82,300",3,2,2023,중개거래,경기 수원영통구,74.78,17,1013,1,N,23.04.20,센트럴파크로,00034,00000,3177032,02,41117,0,41117, ,10400,하동,센트럴파크로 34,136913,2025-03-02 21:59,광교더리브,99B,30B,24.0,고층,2023-02-03,3,30
6208,광교더리브,41117-287,1013,0000,2013, , , ,"90,000",28,3,2023,중개거래,경기 수원영통구,84.81,4,1013,1,N,23.07.07,센트럴파크로,00034,00000,3177032,02,41117,0,41117, ,10400,하동,센트럴파크로 34,136913,2025-03-02 21:59,광교더리브,112E,34E,27.0,저층,2023-03-28,3,34
6208,광교더리브,41117-287,1013,0000,2013, , , ,"95,500",9,3,2023,중개거래,경기 수원영통구,84.81,20,1013,1,N,23.05.24,센트럴파크로,00034,00000,3177032,02,41117,0,41117, ,10400,하동,센트럴파크로 34,136913,2025-03-02 21:59,광교더리브,112E,34E,27.0,고층,2023-03-09,3,34
6209,광교더리브,41117-287,1013,0000,2013, , , ,"95,000",1,3,2023,중개거래,경기 수원영통구,84.81,10,1013,1,N,23.05.30,센트럴파크로,00034,00000,3177032,02,41117,0,41117, ,10400,하동,센트럴파크로 34,136913,2025-03-02 21:59,광교더리브,112E,34E,27.0,중층,2023-03-01,3,34
6204,광교더리브,41117-287,1013,0000,2013, , , ,"84,800",17,4,2023,중개거래,경기 수원영통구,84.92,1,1013,1,N,23.06.14,센트럴파크로,00034,00000,3177032,02,41117,0,41117, ,10400,하동,센트럴파크로 34,136913,2025-03-02 21:59,광교더리브,112D,34D,23.0,1층,2023-04-17,3,34
6205,광교더리브,41117-287,1013,0000,2013, , , ,"95,000",26,4,2023,중개거래,경기 수원영통구,84.92,12,1013,1,N,23.08.04,센트럴파크로,00034,00000,3177032,02,41117,0,41117, ,10400,하동,센트럴파크로 34,136913,2025-03-02 21:59,광교더리브,112D,34D,27.0,중층,2023-04-26,3,34
6208,광교더리브,41117-287,1013,0000,2013, , , ,"96,000",6,4,2023,중개거래,경기 수원영통구,84.81,16,1013,1,N,23.06.26,센트럴파크로,00034,00000,3177032,02,41117,0,41117, ,10400,하동,센트럴파크로 34,136913,2025-03-02 21:59,광교더리브,112E,34E,27.0,중층,2023-04-06,3,34
6201,광교더리브,41117-287,1013,0000,2013, , , ,"87,000",11,4,2023,중개거래,경기 수원영통구,74.78,15,1013,1,N,23.08.03,센트럴파크로,00034,00000,3177032,02,41117,0,41117, ,10400,하동,센트럴파크로 34,136913,2025-03-02 21:59,광교더리브,99A,30A,26.0,중층,2023-04-11,3,30
6201,광교더리브,41117-287,1013,0000,2013, , , ,"87,000",11,4,2023,중개거래,경기 수원영통구,74.78,15,1013,1,N,23.08.03,센트럴파크로,00034,00000,3177032,02,41117,0,41117, ,10400,하동,센트럴파크로 34,136913,2025-03-02 21:59,광교더리브,99B,30B,26.0,중층,2023-04-11,3,30
6202,광교더리브,41117-287,1013,0000,2013, , , ,"87,000",19,4,2023,중개거래,경기 수원영통구 경기 용인수지구,74.78,9,1013,1,N,23.05.31,센트럴파크로,00034,00000,3177032,02,41117,0,41117, ,10400,하동,센트럴파크로 34,136913,2025-03-02 21:59,광교더리브,99A,30A,24.0,중층,2023-04-19,3,30
6202,광교더리브,41117-287,1013,0000,2013, , , ,"87,000",19,4,2023,중개거래,경기 수원영통구 경기 용인수지구,74.78,9,1013,1,N,23.05.31,센트럴파크로,00034,00000,3177032,02,41117,0,41117, ,10400,하동,센트럴파크로 34,136913,2025-03-02 21:59,광교더리브,99B,30B,24.0,중층,2023-04-19,3,30
6202,광교더리브,41117-287,1013,0000,2013, , , ,"87,000",19,4,2023,중개거래,경기 용인수지구,74.78,9,1013,1,N,23.05.31,센트럴파크로,00034,00000,3177032,02,41117,0,41117, ,10400,하동,센트럴파크로 34,136913,2025-03-02 21:59,광교더리브,99A,30A,24.0,중층,2023-04-19,3,30
6202,광교더리브,41117-287,1013,0000,2013, , , ,"87,000",19,4,2023,중개거래,경기 용인수지구,74.78,9,1013,1,N,23.05.31,센트럴파크로,00034,00000,3177032,02,41117,0,41117, ,10400,하동,센트럴파크로 34,136913,2025-03-02 21:59,광교더리브,99B,30B,24.0,중층,2023-04-19,3,30
6205,광교더리브,41117-287,1013,0000,2013, , , ,"94,000",17,5,2023,중개거래,경기 수원영통구,84.92,16,1013,1,N,23.08.18,센트럴파크로,00034,00000,3177032,02,41117,0,41117, ,10400,하동,센트럴파크로 34,136913,2025-03-02 21:59,광교더리브,112D,34D,27.0,중층,2023-05-17,3,34
6204,광교더리브,41117-287,1013,0000,2013, , , ,"97,000",20,5,2023,중개거래,경기 수원영통구,84.92,19,1013,1,N,23.07.20,센트럴파크로,00034,00000,3177032,02,41117,0,41117, ,10400,하동,센트럴파크로 34,136913,2025-03-02 21:59,광교더리브,112D,34D,23.0,고층,2023-05-20,3,34
6204,광교더리브,41117-287,1013,0000,2013, , , ,"89,700",11,5,2023,중개거래,경기 수원영통구,74.78,11,1013,1,N,23.07.05,센트럴파크로,00034,00000,3177032,02,41117,0,41117, ,10400,하동,센트럴파크로 34,136913,2025-03-02 21:59,광교더리브,99A,30A,23.0,중층,2023-05-11,3,30
6204,광교더리브,41117-287,1013,0000,2013, , , ,"89,700",11,5,2023,중개거래,경기 수원영통구,74.78,11,1013,1,N,23.07.05,센트럴파크로,00034,00000,3177032,02,41117,0,41117, ,10400,하동,센트럴파크로 34,136913,2025-03-02 21:59,광교더리브,99B,30B,23.0,중층,2023-05-11,3,30
6208,광교더리브,41117-287,1013,0000,2013, , , ,"98,000",17,5,2023,중개거래,경기 수원영통구,84.81,12,1013,1,N,23.09.22,센트럴파크로,00034,00000,3177032,02,41117,0,41117, ,10400,하동,센트럴파크로 34,136913,2025-03-02 21:59,광교더리브,112E,34E,27.0,중층,2023-05-17,3,34
6209,광교더리브,41117-287,1013,0000,2013, , , ,"93,000",17,5,2023,중개거래,경기 수원영통구,84.81,6,1013,1,N,23.06.30,센트럴파크로,00034,00000,3177032,02,41117,0,41117, ,10400,하동,센트럴파크로 34,136913,2025-03-02 21:59,광교더리브,112E,34E,27.0,저층,2023-05-17,3,34
6205,광교더리브,41117-287,1013,0000,2013, , , ,"97,000",4,5,2023,중개거래,경기 수원영통구,84.92,19,1013,1,N,23.08.24,센트럴파크로,00034,00000,3177032,02,41117,0,41117, ,10400,하동,센트럴파크로 34,136913,2025-03-02 21:59,광교더리브,112D,34D,27.0,고층,2023-05-04,3,34
6202,광교더리브,41117-287,1013,0000,2013, , , ,"87,900",3,5,2023,중개거래,경기 수원영통구,74.78,9,1013,1,N,23.07.28,센트럴파크로,00034,00000,3177032,02,41117,0,41117, ,10400,하동,센트럴파크로 34,136913,2025-03-02 21:59,광교더리브,99A,30A,24.0,중층,2023-05-03,3,30
6202,광교더리브,41117-287,1013,0000,2013, , , ,"87,900",3,5,2023,중개거래,경기 수원영통구,74.78,9,1013,1,N,23.07.28,센트럴파크로,00034,00000,3177032,02,41117,0,41117, ,10400,하동,센트럴파크로 34,136913,2025-03-02 21:59,광교더리브,99B,30B,24.0,중층,2023-05-03,3,30
6209,광교더리브,41117-287,1013,0000,2013, , , ,"99,500",14,6,2023,중개거래,경기 수원시 영통구,84.92,13,1013,1,N,23.10.30,센트럴파크로,00034,00000,3177032,02,41117,0,41117, ,10400,하동,센트럴파크로 34,136913,2025-03-02 21:59,광교더리브,112D,34D,27.0,중층,2023-06-14,3,34
6206,광교더리브,41117-287,1013,0000,2013, , , ,"101,500",28,6,2023,중개거래,경기 수원영통구,84.92,22,1013,1,N,23.09.20,센트럴파크로,00034,00000,3177032,02,41117,0,41117, ,10400,하동,센트럴파크로 34,136913,2025-03-02 21:59,광교더리브,112D,34D,27.0,고층,2023-06-28,3,34
6203,광교더리브,41117-287,1013,0000,2013, , , ,"88,500",30,6,2023,중개거래,경기 수원영통구,74.78,11,1013,1,N,24.01.02,센트럴파크로,00034,00000,3177032,02,41117,0,41117, ,10400,하동,센트럴파크로 34,136913,2025-03-02 21:59,광교더리브,99A,30A,24.0,중층,2023-06-30,3,30
6203,광교더리브,41117-287,1013,0000,2013, , , ,"88,500",30,6,2023,중개거래,경기 수원영통구,74.78,11,1013,1,N,24.01.02,센트럴파크로,00034,00000,3177032,02,41117,0,41117, ,10400,하동,센트럴파크로 34,136913,2025-03-02 21:59,광교더리브,99B,30B,24.0,중층,2023-06-30,3,30
 ,광교더리브,41117-287,1013,0000,2013, ,23.08.16,O,"98,500",14,6,2023,중개거래,경기 수원시영통구,84.92,13,1013,1,N, ,센트럴파크로,00034,00000,3177032,02,41117,0,41117, ,10400,하동,센트럴파크로 34,136913,2025-03-02 21:59,광교더리브,112D,34D,,,2023-06-14,3,34
6201,광교더리브,41117-287,1013,0000,2013, , , ,"89,800",9,6,2023,중개거래,경기 수원영통구,74.78,11,1013,1,N,23.10.31,센트럴파크로,00034,00000,3177032,02,41117,0,41117, ,10400,하동,센트럴파크로 34,136913,2025-03-02 21:59,광교더리브,99A,30A,26.0,중층,2023-06-09,3,30
6201,광교더리브,41117-287,1013,0000,2013, , , ,"89,800",9,6,2023,중개거래,경기 수원영통구,74.78,11,1013,1,N,23.10.31,센트럴파크로,00034,00000,3177032,02,41117,0,41117, ,10400,하동,센트럴파크로 34,136913,2025-03-02 21:59,광교더리브,99B,30B,26.0,중층,2023-06-09,3,30
6203,광교더리브,41117-287,1013,0000,2013, , , ,"96,500",6,6,2023,중개거래,경기 수원영통구,84.92,7,1013,1,N,23.09.11,센트럴파크로,00034,00000,3177032,02,41117,0,41117, ,10400,하동,센트럴파크로 34,136913,2025-03-02 21:59,광교더리브,112D,34D,24.0,저층,2023-06-06,3,34
6204,광교더리브,41117-287,1013,0000,2013, , , ,"93,500",8,6,2023,중개거래,경기 수원영통구,84.81,2,1013,1,N,23.09.25,센트럴파크로,00034,00000,3177032,02,41117,0,41117, ,10400,하동,센트럴파크로 34,136913,2025-03-02 21:59,광교더리브,112E,34E,23.0,저층,2023-06-08,3,34
6203,광교더리브,41117-287,1013,0000,2013, , , ,"93,500",10,6,2023,중개거래,경기 수원영통구,84.92,6,1013,1,N,23.08.04,센트럴파크로,00034,00000,3177032,02,41117,0,41117, ,10400,하동,센트럴파크로 34,136913,2025-03-02 21:59,광교더리브,112D,34D,24.0,저층,2023-06-10,3,34
6208,광교더리브,41117-287,1013,0000,2013, , , ,"105,000",21,7,2023,중개거래,경기 수원영통구,84.81,15,1013,1,N,23.11.15,센트럴파크로,00034,00000,3177032,02,41117,0,41117, ,10400,하동,센트럴파크로 34,136913,2025-03-02 21:59,광교더리브,112E,34E,27.0,중층,2023-07-21,3,34
6209,광교더리브,41117-287,1013,0000,2013, , , ,"103,900",15,7,2023,중개거래,경기 수원영통구,84.92,21,1013,1,N,23.10.24,센트럴파크로,00034,00000,3177032,02,41117,0,41117, ,10400,하동,센트럴파크로 34,136913,2025-03-02 21:59,광교더리브,112D,34D,27.0,고층,2023-07-15,3,34
6204,광교더리브,41117-287,1013,0000,2013, , , ,"90,300",25,7,2023,중개거래,경기 수원영통구,74.78,5,1013,1,N,23.09.21,센트럴파크로,00034,00000,3177032,02,41117,0,41117, ,10400,하동,센트럴파크로 34,136913,2025-03-02 21:59,광교더리브,99A,30A,23.0,저층,2023-07-25,3,30
6204,광교더리브,41117-287,1013,0000,2013, , , ,"90,300",25,7,2023,중개거래,경기 수원영통구,74.78,5,1013,1,N,23.09.21,센트럴파크로,00034,00000,3177032,02,41117,0,41117, ,10400,하동,센트럴파크로 34,136913,2025-03-02 21:59,광교더리브,99B,30B,23.0,저층,2023-07-25,3,30
6204,광교더리브,41117-287,1013,0000,2013, , , ,"92,000",13,7,2023,중개거래,경기 수원영통구,74.78,6,1013,1,N,23.08.31,센트럴파크로,00034,00000,3177032,02,41117,0,41117, ,10400,하동,센트럴파크로 34,136913,2025-03-02 21:59,광교더리브,99A,30A,23.0,저층,2023-07-13,3,30
6204,광교더리브,41117-287,1013,0000,2013, , , ,"92,000",13,7,2023,중개거래,경기 수원영통구,74.78,6,1013,1,N,23.08.31,센트럴파크로,00034,00000,3177032,02,41117,0,41117, ,10400,하동,센트럴파크로 34,136913,2025-03-02 21:59,광교더리브,99B,30B,23.0,저층,2023-07-13,3,30
6207,광교더리브,41117-287,1013,0000,2013, , , ,"101,000",12,7,2023,중개거래,경기 수원영통구,84.92,18,1013,1,N,23.09.15,센트럴파크로,00034,00000,3177032,02,41117,0,41117, ,10400,하동,센트럴파크로 34,136913,2025-03-02 21:59,광교더리브,112D,34D,27.0,중층,2023-07-12,3,34
6202,광교더리브,41117-287,1013,0000,2013, , , ,"89,700",19,7,2023,중개거래,경기 수원영통구,74.78,19,1013,1,N,23.09.11,센트럴파크로,00034,00000,3177032,02,41117,0,41117, ,10400,하동,센트럴파크로 34,136913,2025-03-02 21:59,광교더리브,99A,30A,24.0,고층,2023-07-19,3,30
6202,광교더리브,41117-287,1013,0000,2013, , , ,"89,700",19,7,2023,중개거래,경기 수원영통구,74.78,19,1013,1,N,23.09.11,센트럴파크로,00034,00000,3177032,02,41117,0,41117, ,10400,하동,센트럴파크로 34,136913,2025-03-02 21:59,광교더리브,99B,30B,24.0,고층,2023-07-19,3,30
6202,광교더리브,41117-287,1013,0000,2013, , , ,"89,800",25,7,2023,중개거래,경기 수원영통구,74.78,14,1013,1,N,23.08.30,센트럴파크로,00034,00000,3177032,02,41117,0,41117, ,10400,하동,센트럴파크로 34,136913,2025-03-02 21:59,광교더리브,99A,30A,24.0,중층,2023-07-25,3,30
6202,광교더리브,41117-287,1013,0000,2013, , , ,"89,800",25,7,2023,중개거래,경기 수원영통구,74.78,14,1013,1,N,23.08.30,센트럴파크로,00034,00000,3177032,02,41117,0,41117, ,10400,하동,센트럴파크로 34,136913,2025-03-02 21:59,광교더리브,99B,30B,24.0,중층,2023-07-25,3,30
6207,광교더리브,41117-287,1013,0000,2013, , , ,"102,500",8,7,2023,중개거래,경기 수원영통구,84.81,22,1013,1,N,23.09.08,센트럴파크로,00034,00000,3177032,02,41117,0,41117, ,10400,하동,센트럴파크로 34,136913,2025-03-02 21:59,광교더리브,112E,34E,27.0,고층,2023-07-08,3,34
6202,광교더리브,41117-287,1013,0000,2013, , , ,"89,800",8,7,2023,중개거래,경기 수원영통구,74.78,23,1013,1,N,23.08.25,센트럴파크로,00034,00000,3177032,02,41117,0,41117, ,10400,하동,센트럴파크로 34,136913,2025-03-02 21:59,광교더리브,99A,30A,24.0,고층,2023-07-08,3,30
6202,광교더리브,41117-287,1013,0000,2013, , , ,"89,800",8,7,2023,중개거래,경기 수원영통구,74.78,23,1013,1,N,23.08.25,센트럴파크로,00034,00000,3177032,02,41117,0,41117, ,10400,하동,센트럴파크로 34,136913,2025-03-02 21:59,광교더리브,99B,30B,24.0,고층,2023-07-08,3,30
6201,광교더리브,41117-287,1013,0000,2013, , , ,"89,800",6,7,2023,중개거래,경기 수원영통구,74.78,23,1013,1,N,23.10.13,센트럴파크로,00034,00000,3177032,02,41117,0,41117, ,10400,하동,센트럴파크로 34,136913,2025-03-02 21:59,광교더리브,99A,30A,26.0,고층,2023-07-06,3,30
6201,광교더리브,41117-287,1013,0000,2013, , , ,"89,800",6,7,2023,중개거래,경기 수원영통구,74.78,23,1013,1,N,23.10.13,센트럴파크로,00034,00000,3177032,02,41117,0,41117, ,10400,하동,센트럴파크로 34,136913,2025-03-02 21:59,광교더리브,99B,30B,26.0,고층,2023-07-06,3,30
6206,광교더리브,41117-287,1013,0000,2013, , , ,"100,000",24,8,2023,중개거래,경기 수원영통구,84.92,12,1013,1,N,23.11.16,센트럴파크로,00034,00000,3177032,02,41117,0,41117, ,10400,하동,센트럴파크로 34,136913,2025-03-02 21:59,광교더리브,112D,34D,27.0,중층,2023-08-24,3,34
6203,광교더리브,41117-287,1013,0000,2013, , , ,"100,000",30,8,2023,중개거래,경기 수원영통구,84.92,9,1013,1,N,24.01.03,센트럴파크로,00034,00000,3177032,02,41117,0,41117, ,10400,하동,센트럴파크로 34,136913,2025-03-02 21:59,광교더리브,112D,34D,24.0,중층,2023-08-30,3,34
6209,광교더리브,41117-287,1013,0000,2013, , , ,"105,300",4,8,2023,중개거래,경기 수원영통구,84.81,14,1013,1,N,23.10.04,센트럴파크로,00034,00000,3177032,02,41117,0,41117, ,10400,하동,센트럴파크로 34,136913,2025-03-02 21:59,광교더리브,112E,34E,27.0,중층,2023-08-04,3,34
6205,광교더리브,41117-287,1013,0000,2013, , , ,"97,000",11,8,2023,중개거래,경기 수원팔달구,84.81,26,1013,1,N,23.08.21,센트럴파크로,00034,00000,3177032,02,41117,0,41117, ,10400,하동,센트럴파크로 34,136913,2025-03-02 21:59,광교더리브,112E,34E,27.0,고층,2023-08-11,3,34
 ,광교더리브,41117-287,1013,0000,2013, ,23.08.11,O,"90,000",4,8,2023,중개거래,경기 수원팔달구,84.81,26,1013,1,N, ,센트럴파크로,00034,00000,3177032,02,41117,0,41117, ,10400,하동,센트럴파크로 34,136913,2025-03-02 21:59,광교더리브,112E,34E,,,2023-08-04,3,34
6205,광교더리브,41117-287,1013,0000,2013, , , ,"92,500",7,9,2023,직거래, ,84.92,17,1013,1,N,23.11.30,센트럴파크로,00034,00000,3177032,02,41117,0,41117, ,10400,하동,센트럴파크로 34,136913,2025-03-02 21:59,광교더리브,112D,34D,27.0,중층,2023-09-07,3,34
6208,광교더리브,41117-287,1013,0000,2013, , , ,"102,000",7,10,2023,중개거래,경기 수원영통구,84.92,9,1013,1,N,24.01.19,센트럴파크로,00034,00000,3177032,02,41117,0,41117, ,10400,하동,센트럴파크로 34,136913,2025-03-02 21:59,광교더리브,112D,34D,27.0,저층,2023-10-07,3,34
6206,광교더리브,41117-287,1013,0000,2013, , , ,"90,000",2,12,2023,중개거래,경기 수원시영통구,84.92,7,1013,1,N,24.07.31,센트럴파크로,00034,00000,3177032,02,41117,0,41117, ,10400,하동,센트럴파크로 34,136913,2025-03-02 21:59,광교더리브,112D,34D,27.0,저층,2023-12-02,3,34
6209,광교더리브,41117-287,1013,0000,2013, , , ,"91,000",7,12,2023,중개거래,경기 수원시영통구,84.81,3,1013,1,N,24.02.08,센트럴파크로,00034,00000,3177032,02,41117,0,41117, ,10400,하동,센트럴파크로 34,136913,2025-03-02 21:59,광교더리브,112E,34E,27.0,저층,2023-12-07,3,34
6201,광교더리브,41117-287,1013,0000,2013,개인, , ,"89,000",27,1,2024,중개거래,경기 수원시영통구,74.78,26,1013,1,N,24.04.30,센트럴파크로,00034,00000,3177032,02,41117,0,41117,개인,10400,하동,센트럴파크로 34,136913,2025-03-02 21:59,광교더리브,99A,30A,26.0,탑층,2024-01-27,3,30
6201,광교더리브,41117-287,1013,0000,2013,개인, , ,"89,000",27,1,2024,중개거래,경기 수원시영통구,74.78,26,1013,1,N,24.04.30,센트럴파크로,00034,00000,3177032,02,41117,0,41117,개인,10400,하동,센트럴파크로 34,136913,2025-03-02 21:59,광교더리브,99B,30B,26.0,탑층,2024-01-27,3,30
6209,광교더리브,41117-287,1013,0000,2013,개인, , ,"87,000",11,1,2024,중개거래,경기 수원시영통구,84.92,1,1013,1,N,24.03.25,센트럴파크로,00034,00000,3177032,02,41117,0,41117,개인,10400,하동,센트럴파크로 34,136913,2025-03-02 21:59,광교더리브,112D,34D,27.0,1층,2024-01-11,3,34
6206,광교더리브,41117-287,1013,0000,2013,개인, , ,"97,000",8,2,2024,중개거래,경기 수원시 영통구,84.92,18,1013,1,N,24.03.19,센트럴파크로,00034,00000,3177032,02,41117,0,41117,개인,10400,하동,센트럴파크로 34,136913,2025-03-02 21:59,광교더리브,112D,34D,27.0,중층,2024-02-08,3,34
 ,광교더리브,41117-287,1013,0000,2013,개인,24.04.25,O,"97,000",14,2,2024,중개거래,경기 수원시영통구,84.81,14,1013,1,N, ,센트럴파크로,00034,00000,3177032,02,41117,0,41117,개인,10400,하동,센트럴파크로 34,136913,2025-03-02 21:59,광교더리브,112E,34E,,,2024-02-14,3,34
6203,광교더리브,41117-287,1013,0000,2013,개인, , ,"100,300",23,2,2024,중개거래,경기 수원시 영통구,84.92,12,1013,1,N,24.04.01,센트럴파크로,00034,00000,3177032,02,41117,0,41117,개인,10400,하동,센트럴파크로 34,136913,2025-03-02 21:59,광교더리브,112D,34D,24.0,중층,2024-02-23,3,34
6206,광교더리브,41117-287,1013,0000,2013,개인, , ,"105,000",3,2,2024,중개거래,경기 수원시영통구,84.81,27,1013,1,N,24.04.25,센트럴파크로,00034,00000,3177032,02,41117,0,41117,개인,10400,하동,센트럴파크로 34,136913,2025-03-02 21:59,광교더리브,112E,34E,27.0,탑층,2024-02-03,3,34
6208,광교더리브,41117-287,1013,0000,2013,개인, , ,"92,000",20,3,2024,중개거래,경기 수원시영통구,84.92,3,1013,1,N,24.05.31,센트럴파크로,00034,00000,3177032,02,41117,0,41117,개인,10400,하동,센트럴파크로 34,136913,2025-03-02 21:59,광교더리브,112D,34D,27.0,저층,2024-03-20,1,34
6206,광교더리브,41117-287,1013,0000,2013,개인, , ,"70,500",29,3,2024,중개거래,경기 수원시 영통구,84.92,26,1013,1,N,24.04.30,센트럴파크로,00034,00000,3177032,02,41117,0,41117,개인,10400,하동,센트럴파크로 34,136913,2025-03-02 21:59,광교더리브,112D,34D,27.0,고층,2024-03-29,1,34
6203,광교더리브,41117-287,1013,0000,2013,개인, , ,"99,000",23,3,2024,중개거래,경기 수원시 영통구,84.81,18,1013,1,N,24.04.01,센트럴파크로,00034,00000,3177032,02,41117,0,41117,개인,10400,하동,센트럴파크로 34,136913,2025-03-02 21:59,광교더리브,112E,34E,24.0,고층,2024-03-23,1,34
6201,광교더리브,41117-287,1013,0000,2013,개인, , ,"93,500",22,3,2024,중개거래,경기 수원시영통구,74.78,17,1013,1,N,24.05.17,센트럴파크로,00034,00000,3177032,02,41117,0,41117,개인,10400,하동,센트럴파크로 34,136913,2025-03-02 21:59,광교더리브,99A,30A,26.0,중층,2024-03-22,1,30
6201,광교더리브,41117-287,1013,0000,2013,개인, , ,"93,500",22,3,2024,중개거래,경기 수원시영통구,74.78,17,1013,1,N,24.05.17,센트럴파크로,00034,00000,3177032,02,41117,0,41117,개인,10400,하동,센트럴파크로 34,136913,2025-03-02 21:59,광교더리브,99B,30B,26.0,중층,2024-03-22,1,30
6208,광교더리브,41117-287,1013,0000,2013,개인, , ,"103,000",19,3,2024,중개거래,경기 수원시영통구,84.81,11,1013,1,N,24.05.16,센트럴파크로,00034,00000,3177032,02,41117,0,41117,개인,10400,하동,센트럴파크로 34,136913,2025-03-02 21:59,광교더리브,112E,34E,27.0,중층,2024-03-19,1,34
 ,광교더리브,41117-287,1013,0000,2013,개인, , ,"103,000",19,3,2024,중개거래,경기 수원시영통구,84.81,11,1013,1,N, ,센트럴파크로,00034,00000,3177032,02,41117,0,41117,개인,10400,하동,센트럴파크로 34,136913,2025-03-02 21:59,광교더리브,112E,34E,,,2024-03-19,1,34
6204,광교더리브,41117-287,1013,0000,2013,개인, , ,"98,000",20,4,2024,중개거래,경기 수원시 영통구,84.81,23,1013,1,N,24.07.19,센트럴파크로,00034,00000,3177032,02,41117,0,41117,개인,10400,하동,센트럴파크로 34,136913,2025-03-02 21:59,광교더리브,112E,34E,23.0,탑층,2024-04-20,1,34
 ,광교더리브,41117-287,1013,0000,2013,개인, , ,"101,000",27,4,2024,중개거래,경기 수원시영통구,84.81,8,1013,1,N, ,센트럴파크로,00034,00000,3177032,02,41117,0,41117,개인,10400,하동,센트럴파크로 34,136913,2025-03-02 21:59,광교더리브,112E,34E,,,2024-04-27,1,34
6209,광교더리브,41117-287,1013,0000,2013,개인, , ,"99,000",12,4,2024,중개거래,경기 수원시 영통구,84.81,27,1013,1,N,24.06.28,센트럴파크로,00034,00000,3177032,02,41117,0,41117,개인,10400,하동,센트럴파크로 34,136913,2025-03-02 21:59,광교더리브,112E,34E,27.0,탑층,2024-04-12,1,34
6205,광교더리브,41117-287,1013,0000,2013,개인, , ,"104,000",19,4,2024,중개거래,경기 수원시 영통구,84.81,19,1013,1,N,24.09.13,센트럴파크로,00034,00000,3177032,02,41117,0,41117,개인,10400,하동,센트럴파크로 34,136913,2025-03-02 21:59,광교더리브,112E,34E,27.0,고층,2024-04-19,1,34
6207,광교더리브,41117-287,1013,0000,2013,개인, , ,"97,000",25,4,2024,중개거래,경기 수원시영통구,84.81,14,1013,1,N,24.04.30,센트럴파크로,00034,00000,3177032,02,41117,0,41117,개인,10400,하동,센트럴파크로 34,136913,2025-03-02 21:59,광교더리브,112E,34E,27.0,중층,2024-04-25,1,34
6209,광교더리브,41117-287,1013,0000,2013,개인, , ,"96,000",9,4,2024,중개거래,경기 수원시 영통구,84.81,21,1013,1,N,24.07.09,센트럴파크로,00034,00000,3177032,02,41117,0,41117,개인,10400,하동,센트럴파크로 34,136913,2025-03-02 21:59,광교더리브,112E,34E,27.0,고층,2024-04-09,1,34
6201,광교더리브,41117-287,1013,0000,2013,개인, , ,"94,300",9,4,2024,중개거래,경기 수원시영통구,74.78,19,1013,1,N,24.06.26,센트럴파크로,00034,00000,3177032,02,41117,0,41117,개인,10400,하동,센트럴파크로 34,136913,2025-03-02 21:59,광교더리브,99A,30A,26.0,고층,2024-04-09,1,30
6201,광교더리브,41117-287,1013,0000,2013,개인, , ,"94,300",9,4,2024,중개거래,경기 수원시영통구,74.78,19,1013,1,N,24.06.26,센트럴파크로,00034,00000,3177032,02,41117,0,41117,개인,10400,하동,센트럴파크로 34,136913,2025-03-02 21:59,광교더리브,99B,30B,26.0,고층,2024-04-09,1,30
6207,광교더리브,41117-287,1013,0000,2013,개인, , ,"98,000",23,5,2024,중개거래,경기 수원시 영통구,84.81,7,1013,1,N,24.08.28,센트럴파크로,00034,00000,3177032,02,41117,0,41117,개인,10400,하동,센트럴파크로 34,136913,2025-03-02 21:59,광교더리브,112E,34E,27.0,저층,2024-05-23,1,34
6207,광교더리브,41117-287,1013,0000,2013,개인, , ,"103,600",28,5,2024,중개거래,경기 수원시영통구,84.92,23,1013,1,N,24.07.23,센트럴파크로,00034,00000,3177032,02,41117,0,41117,개인,10400,하동,센트럴파크로 34,136913,2025-03-02 21:59,광교더리브,112D,34D,27.0,고층,2024-05-28,1,34
 ,광교더리브,41117-287,1013,0000,2013,개인, , ,"98,000",23,5,2024,중개거래,경기 수원시영통구,84.81,7,1013,1,N, ,센트럴파크로,00034,00000,3177032,02,41117,0,41117,개인,10400,하동,센트럴파크로 34,136913,2025-03-02 21:59,광교더리브,112E,34E,,,2024-05-23,1,34
6203,광교더리브,41117-287,1013,0000,2013,개인, , ,"104,200",7,5,2024,중개거래,경기 수원시 영통구,84.92,21,1013,1,N,24.09.30,센트럴파크로,00034,00000,3177032,02,41117,0,41117,개인,10400,하동,센트럴파크로 34,136913,2025-03-02 21:59,광교더리브,112D,34D,24.0,고층,2024-05-07,1,34
6206,광교더리브,41117-287,1013,0000,2013,개인, , ,"103,000",30,5,2024,중개거래,"경기 수원시 영통구, 인천 부평구",84.92,21,1013,1,N,24.08.30,센트럴파크로,00034,00000,3177032,02,41117,0,41117,개인,10400,하동,센트럴파크로 34,136913,2025-03-02 21:59,광교더리브,112D,34D,27.0,고층,2024-05-30,1,34
6201,광교더리브,41117-287,1013,0000,2013,개인, , ,"85,000",17,5,2024,중개거래,경기 수원시 영통구,74.78,2,1013,1,N,24.06.28,센트럴파크로,00034,00000,3177032,02,41117,0,41117,개인,10400,하동,센트럴파크로 34,136913,2025-03-02 21:59,광교더리브,99A,30A,26.0,저층,2024-05-17,1,30
6201,광교더리브,41117-287,1013,0000,2013,개인, , ,"85,000",17,5,2024,중개거래,경기 수원시 영통구,74.78,2,1013,1,N,24.06.28,센트럴파크로,00034,00000,3177032,02,41117,0,41117,개인,10400,하동,센트럴파크로 34,136913,2025-03-02 21:59,광교더리브,99B,30B,26.0,저층,2024-05-17,1,30
6206,광교더리브,41117-287,1013,0000,2013,개인, , ,"93,800",1,5,2024,중개거래,경기 수원시영통구,84.92,1,1013,1,N,24.06.28,센트럴파크로,00034,00000,3177032,02,41117,0,41117,개인,10400,하동,센트럴파크로 34,136913,2025-03-02 21:59,광교더리브,112D,34D,27.0,1층,2024-05-01,1,34
6203,광교더리브,41117-287,1013,0000,2013,개인, , ,"102,000",4,5,2024,중개거래,경기 수원시영통구,84.92,11,1013,1,N,24.07.29,센트럴파크로,00034,00000,3177032,02,41117,0,41117,개인,10400,하동,센트럴파크로 34,136913,2025-03-02 21:59,광교더리브,112D,34D,24.0,중층,2024-05-04,1,34
6206,광교더리브,41117-287,1013,0000,2013,개인, , ,"103,300",2,5,2024,중개거래,경기 수원시 영통구,84.92,12,1013,1,N,24.06.25,센트럴파크로,00034,00000,3177032,02,41117,0,41117,개인,10400,하동,센트럴파크로 34,136913,2025-03-02 21:59,광교더리브,112D,34D,27.0,중층,2024-05-02,1,34
6204,광교더리브,41117-287,1013,0000,2013,개인, , ,"102,000",29,6,2024,중개거래,경기 수원시 영통구,74.78,13,1013,1,N,24.10.18,센트럴파크로,00034,00000,3177032,02,41117,0,41117,개인,10400,하동,센트럴파크로 34,136913,2025-03-02 21:59,광교더리브,99A,30A,23.0,중층,2024-06-29,1,30
6204,광교더리브,41117-287,1013,0000,2013,개인, , ,"102,000",29,6,2024,중개거래,경기 수원시 영통구,74.78,13,1013,1,N,24.10.18,센트럴파크로,00034,00000,3177032,02,41117,0,41117,개인,10400,하동,센트럴파크로 34,136913,2025-03-02 21:59,광교더리브,99B,30B,23.0,중층,2024-06-29,1,30
6201,광교더리브,41117-287,1013,0000,2013,개인, , ,"96,500",26,6,2024,중개거래,경기 수원시 영통구,74.78,9,1013,1,N,24.09.23,센트럴파크로,00034,00000,3177032,02,41117,0,41117,개인,10400,하동,센트럴파크로 34,136913,2025-03-02 21:59,광교더리브,99A,30A,26.0,중층,2024-06-26,1,30
6201,광교더리브,41117-287,1013,0000,2013,개인, , ,"96,500",26,6,2024,중개거래,경기 수원시 영통구,74.78,9,1013,1,N,24.09.23,센트럴파크로,00034,00000,3177032,02,41117,0,41117,개인,10400,하동,센트럴파크로 34,136913,2025-03-02 21:59,광교더리브,99B,30B,26.0,중층,2024-06-26,1,30
 ,광교더리브,41117-287,1013,0000,2013,개인, , ,"102,000",29,6,2024,중개거래,경기 수원시영통구,74.78,14,1013,1,N, ,센트럴파크로,00034,00000,3177032,02,41117,0,41117,개인,10400,하동,센트럴파크로 34,136913,2025-03-02 21:59,광교더리브,99A,30A,,,2024-06-29,1,30
 ,광교더리브,41117-287,1013,0000,2013,개인, , ,"102,000",29,6,2024,중개거래,경기 수원시영통구,74.78,14,1013,1,N, ,센트럴파크로,00034,00000,3177032,02,41117,0,41117,개인,10400,하동,센트럴파크로 34,136913,2025-03-02 21:59,광교더리브,99B,30B,,,2024-06-29,1,30
 ,광교더리브,41117-287,1013,0000,2013,개인, , ,"107,500",21,6,2024,중개거래,경기 수원시영통구,84.92,18,1013,1,N, ,센트럴파크로,00034,00000,3177032,02,41117,0,41117,개인,10400,하동,센트럴파크로 34,136913,2025-03-02 21:59,광교더리브,112D,34D,,,2024-06-21,1,34
6206,광교더리브,41117-287,1013,0000,2013,개인, , ,"105,000",22,6,2024,중개거래,경기 수원시 영통구,84.92,16,1013,1,N,24.11.08,센트럴파크로,00034,00000,3177032,02,41117,0,41117,개인,10400,하동,센트럴파크로 34,136913,2025-03-02 21:59,광교더리브,112D,34D,27.0,중층,2024-06-22,1,34
6209,광교더리브,41117-287,1013,0000,2013,개인, , ,"103,000",25,6,2024,중개거래,"경기 수원시 영통구, 경기 용인시 수지구",84.81,22,1013,1,N,24.08.23,센트럴파크로,00034,00000,3177032,02,41117,0,41117,개인,10400,하동,센트럴파크로 34,136913,2025-03-02 21:59,광교더리브,112E,34E,27.0,고층,2024-06-25,1,34
6205,광교더리브,41117-287,1013,0000,2013,개인, , ,"113,000",26,6,2024,중개거래,경기 수원시 영통구,84.92,11,1013,1,N,24.09.12,센트럴파크로,00034,00000,3177032,02,41117,0,41117,개인,10400,하동,센트럴파크로 34,136913,2025-03-02 21:59,광교더리브,112D,34D,27.0,중층,2024-06-26,1,34
6203,광교더리브,41117-287,1013,0000,2013,개인, , ,"99,500",22,6,2024,중개거래,경기 수원시 영통구,84.81,7,1013,1,N,24.09.03,센트럴파크로,00034,00000,3177032,02,41117,0,41117,개인,10400,하동,센트럴파크로 34,136913,2025-03-02 21:59,광교더리브,112E,34E,24.0,저층,2024-06-22,1,34
6204,광교더리브,41117-287,1013,0000,2013,개인, , ,"94,000",20,6,2024,중개거래,경기 수원시영통구,74.78,9,1013,1,N,24.07.24,센트럴파크로,00034,00000,3177032,02,41117,0,41117,개인,10400,하동,센트럴파크로 34,136913,2025-03-02 21:59,광교더리브,99A,30A,23.0,중층,2024-06-20,1,30
6204,광교더리브,41117-287,1013,0000,2013,개인, , ,"94,000",20,6,2024,중개거래,경기 수원시영통구,74.78,9,1013,1,N,24.07.24,센트럴파크로,00034,00000,3177032,02,41117,0,41117,개인,10400,하동,센트럴파크로 34,136913,2025-03-02 21:59,광교더리브,99B,30B,23.0,중층,2024-06-20,1,30
6208,광교더리브,41117-287,1013,0000,2013,개인, , ,"107,000",25,6,2024,중개거래,경기 수원시 영통구,84.81,24,1013,1,N,24.09.20,센트럴파크로,00034,00000,3177032,02,41117,0,41117,개인,10400,하동,센트럴파크로 34,136913,2025-03-02 21:59,광교더리브,112E,34E,27.0,고층,2024-06-25,1,34
6208,광교더리브,41117-287,1013,0000,2013,개인, , ,"103,500",11,6,2024,중개거래,경기 수원시 영통구,84.92,17,1013,1,N,24.08.20,센트럴파크로,00034,00000,3177032,02,41117,0,41117,개인,10400,하동,센트럴파크로 34,136913,2025-03-02 21:59,광교더리브,112D,34D,27.0,중층,2024-06-11,1,34
6206,광교더리브,41117-287,1013,0000,2013,개인, , ,"107,000",19,6,2024,중개거래,"경기 수원시 영통구, 경기 수원시 팔달구",84.81,25,1013,1,N,24.09.20,센트럴파크로,00034,00000,3177032,02,41117,0,41117,개인,10400,하동,센트럴파크로 34,136913,2025-03-02 21:59,광교더리브,112E,34E,27.0,고층,2024-06-19,1,34
6208,광교더리브,41117-287,1013,0000,2013,개인, , ,"101,500",15,6,2024,중개거래,경기 수원시 영통구,84.81,22,1013,1,N,24.09.20,센트럴파크로,00034,00000,3177032,02,41117,0,41117,개인,10400,하동,센트럴파크로 34,136913,2025-03-02 21:59,광교더리브,112E,34E,27.0,고층,2024-06-15,1,34
6206,광교더리브,41117-287,1013,0000,2013,개인, , ,"101,500",12,6,2024,중개거래,"경기 수원시 영통구, 경기 수원시 장안구",84.92,9,1013,1,N,24.09.13,센트럴파크로,00034,00000,3177032,02,41117,0,41117,개인,10400,하동,센트럴파크로 34,136913,2025-03-02 21:59,광교더리브,112D,34D,27.0,저층,2024-06-12,1,34
6207,광교더리브,41117-287,1013,0000,2013,개인, , ,"102,500",3,6,2024,중개거래,경기 수원시 영통구,84.81,14,1013,1,N,24.08.30,센트럴파크로,00034,00000,3177032,02,41117,0,41117,개인,10400,하동,센트럴파크로 34,136913,2025-03-02 21:59,광교더리브,112E,34E,27.0,중층,2024-06-03,1,34
6202,광교더리브,41117-287,1013,0000,2013,개인, , ,"88,500",21,7,2024,중개거래,경기 수원시 영통구,74.78,1,1013,1,N,24.10.30,센트럴파크로,00034,00000,3177032,02,41117,0,41117,개인,10400,하동,센트럴파크로 34,136913,2025-03-02 21:59,광교더리브,99A,30A,24.0,1층,2024-07-21,1,30
6202,광교더리브,41117-287,1013,0000,2013,개인, , ,"88,500",21,7,2024,중개거래,경기 수원시 영통구,74.78,1,1013,1,N,24.10.30,센트럴파크로,00034,00000,3177032,02,41117,0,41117,개인,10400,하동,센트럴파크로 34,136913,2025-03-02 21:59,광교더리브,99B,30B,24.0,1층,2024-07-21,1,30
6208,광교더리브,41117-287,1013,0000,2013,개인, , ,"106,000",12,7,2024,중개거래,경기 수원시 영통구,84.92,15,1013,1,N,24.10.07,센트럴파크로,00034,00000,3177032,02,41117,0,41117,개인,10400,하동,센트럴파크로 34,136913,2025-03-02 21:59,광교더리브,112D,34D,27.0,중층,2024-07-12,1,34
6207,광교더리브,41117-287,1013,0000,2013,개인, , ,"110,000",18,7,2024,중개거래,경기 수원시 영통구,84.92,22,1013,1,N,24.08.30,센트럴파크로,00034,00000,3177032,02,41117,0,41117,개인,10400,하동,센트럴파크로 34,136913,2025-03-02 21:59,광교더리브,112D,34D,27.0,고층,2024-07-18,1,34
6203,광교더리브,41117-287,1013,0000,2013,개인, , ,"106,000",16,7,2024,중개거래,경기 수원시 영통구,84.81,23,1013,1,N,24.11.29,센트럴파크로,00034,00000,3177032,02,41117,0,41117,개인,10400,하동,센트럴파크로 34,136913,2025-03-02 21:59,광교더리브,112E,34E,24.0,고층,2024-07-16,1,34
 ,광교더리브,41117-287,1013,0000,2013,개인, , ,"103,750",6,8,2024,중개거래,"경기 수원시 영통구, 경기 오산시",84.81,27,1013,1,N, ,센트럴파크로,00034,00000,3177032,02,41117,0,41117,개인,10400,하동,센트럴파크로 34,136913,2025-03-02 21:59,광교더리브,112E,34E,,,2024-08-06,1,34
6209,광교더리브,41117-287,1013,0000,2013,개인, , ,"107,000",31,8,2024,중개거래,경기 수원시 영통구,84.81,16,1013,1,N,24.12.12,센트럴파크로,00034,00000,3177032,02,41117,0,41117,개인,10400,하동,센트럴파크로 34,136913,2025-03-02 21:59,광교더리브,112E,34E,27.0,중층,2024-08-31,1,34
6209,광교더리브,41117-287,1013,0000,2013,개인, , ,"108,500",21,8,2024,중개거래,경기 수원시 영통구,84.81,24,1013,1,N,24.11.21,센트럴파크로,00034,00000,3177032,02,41117,0,41117,개인,10400,하동,센트럴파크로 34,136913,2025-03-02 21:59,광교더리브,112E,34E,27.0,고층,2024-08-21,1,34
6208,광교더리브,41117-287,1013,0000,2013,개인, , ,"92,800",23,8,2024,중개거래,경기 수원시 영통구,84.81,1,1013,1,N,24.09.27,센트럴파크로,00034,00000,3177032,02,41117,0,41117,개인,10400,하동,센트럴파크로 34,136913,2025-03-02 21:59,광교더리브,112E,34E,27.0,1층,2024-08-23,1,34
6206,광교더리브,41117-287,1013,0000,2013,개인, , ,"101,500",13,8,2024,중개거래,"경기 수원시 영통구, 경기 용인시 기흥구",84.81,8,1013,1,N,24.09.06,센트럴파크로,00034,00000,3177032,02,41117,0,41117,개인,10400,하동,센트럴파크로 34,136913,2025-03-02 21:59,광교더리브,112E,34E,27.0,저층,2024-08-13,1,34
6206,광교더리브,41117-287,1013,0000,2013,개인, , ,"115,500",10,8,2024,중개거래,경기 수원시 영통구,84.81,22,1013,1,N,24.10.11,센트럴파크로,00034,00000,3177032,02,41117,0,41117,개인,10400,하동,센트럴파크로 34,136913,2025-03-02 21:59,광교더리브,112E,34E,27.0,고층,2024-08-10,1,34
 ,광교더리브,41117-287,1013,0000,2013,개인,24.08.22,O,"101,500",13,8,2024,중개거래,경기 수원시 영통구,84.81,8,1013,1,N, ,센트럴파크로,00034,00000,3177032,02,41117,0,41117,개인,10400,하동,센트럴파크로 34,136913,2025-03-02 21:59,광교더리브,112E,34E,,,2024-08-13,1,34
6205,광교더리브,41117-287,1013,0000,2013,개인, , ,"121,000",13,8,2024,중개거래,경기 수원시 영통구,84.81,12,1013,1,N,24.12.30,센트럴파크로,00034,00000,3177032,02,41117,0,41117,개인,10400,하동,센트럴파크로 34,136913,2025-03-02 21:59,광교더리브,112E,34E,27.0,중층,2024-08-13,1,34
 ,광교더리브,41117-287,1013,0000,2013,개인,24.09.04,O,"103,750",6,8,2024,중개거래,경기 오산시,84.81,27,1013,1,N, ,센트럴파크로,00034,00000,3177032,02,41117,0,41117,개인,10400,하동,센트럴파크로 34,136913,2025-03-02 21:59,광교더리브,112E,34E,,,2024-08-06,1,34
6207,광교더리브,41117-287,1013,0000,2013,개인, , ,"109,000",19,9,2024,중개거래,경기 수원시 영통구,84.81,7,1013,1,N,24.12.11,센트럴파크로,00034,00000,3177032,02,41117,0,41117,개인,10400,하동,센트럴파크로 34,136913,2025-03-02 21:59,광교더리브,112E,34E,27.0,저층,2024-09-19,1,34
 ,광교더리브,41117-287,1013,0000,2013,개인, , ,"100,000",14,9,2024,중개거래,경기 수원시 영통구,74.78,11,1013,1,N, ,센트럴파크로,00034,00000,3177032,02,41117,0,41117,개인,10400,하동,센트럴파크로 34,136913,2025-03-02 21:59,광교더리브,99A,30A,,,2024-09-14,1,30
 ,광교더리브,41117-287,1013,0000,2013,개인, , ,"100,000",14,9,2024,중개거래,경기 수원시 영통구,74.78,11,1013,1,N, ,센트럴파크로,00034,00000,3177032,02,41117,0,41117,개인,10400,하동,센트럴파크로 34,136913,2025-03-02 21:59,광교더리브,99B,30B,,,2024-09-14,1,30
6207,광교더리브,41117-287,1013,0000,2013,개인, , ,"106,380",2,10,2024,중개거래,경기 수원시 영통구,84.81,10,1013,1,N,24.12.10,센트럴파크로,00034,00000,3177032,02,41117,0,41117,개인,10400,하동,센트럴파크로 34,136913,2025-03-02 21:59,광교더리브,112E,34E,27.0,중층,2024-10-02,1,34
 ,광교더리브,41117-287,1013,0000,2013,개인, , ,"105,000",20,12,2024,중개거래,경기 수원시 영통구,84.81,9,1013,1,N, ,센트럴파크로,00034,00000,3177032,02,41117,0,41117,개인,10400,하동,센트럴파크로 34,136913,2025-03-02 21:59,광교더리브,112E,34E,,,2024-12-20,1,34
 ,광교더리브,41117-287,1013,0000,2013,개인, , ,"105,500",30,12,2024,중개거래,경기 수원시 영통구,84.81,11,1013,1,N, ,센트럴파크로,00034,00000,3177032,02,41117,0,41117,개인,10400,하동,센트럴파크로 34,136913,2025-03-02 21:59,광교더리브,112E,34E,,,2024-12-30,1,34
 ,광교더리브,41117-287,1013,0000,2013,개인, , ,"109,000",23,1,2025,중개거래,경기 수원시 영통구,84.81,15,1013,1,N, ,센트럴파크로,00034,00000,3177032,02,41117,0,41117,개인,10400,하동,센트럴파크로 34,136913,2025-03-02 21:59,광교더리브,112E,34E,,,2025-01-23,1,34
 ,광교더리브,41117-287,1013,0000,2013,개인, , ,"108,000",25,1,2025,중개거래,경기 수원시 영통구,84.81,15,1013,1,N, ,센트럴파크로,00034,00000,3177032,02,41117,0,41117,개인,10400,하동,센트럴파크로 34,136913,2025-03-02 21:59,광교더리브,112E,34E,,,2025-01-25,1,34
 ,광교더리브,41117-287,1013,0000,2013,개인, , ,"101,500",11,1,2025,중개거래,경기 수원시 영통구,84.81,5,1013,1,N, ,센트럴파크로,00034,00000,3177032,02,41117,0,41117,개인,10400,하동,센트럴파크로 34,136913,2025-03-02 21:59,광교더리브,112E,34E,,,2025-01-11,1,34
 ,광교더리브,41117-287,1013,0000,2013,개인, , ,"103,000",9,1,2025,중개거래,경기 수원시 영통구,84.81,4,1013,1,N, ,센트럴파크로,00034,00000,3177032,02,41117,0,41117,개인,10400,하동,센트럴파크로 34,136913,2025-03-02 21:59,광교더리브,112E,34E,,,2025-01-09,1,34
 ,광교더리브,41117-287,1013,0000,2013,개인, , ,"104,000",20,1,2025,중개거래,경기 수원시 영통구,74.78,17,1013,1,N, ,센트럴파크로,00034,00000,3177032,02,41117,0,41117,개인,10400,하동,센트럴파크로 34,136913,2025-03-02 21:59,광교더리브,99A,30A,,,2025-01-20,1,30
 ,광교더리브,41117-287,1013,0000,2013,개인, , ,"104,000",20,1,2025,중개거래,경기 수원시 영통구,74.78,17,1013,1,N, ,센트럴파크로,00034,00000,3177032,02,41117,0,41117,개인,10400,하동,센트럴파크로 34,136913,2025-03-02 21:59,광교더리브,99B,30B,,,2025-01-20,1,30
 ,범어에일린의뜰,27260-1519,2272,0000,2021, , , ,"57,000",31,5,2021, , ,71.1875,10,2272,1,N, ,청솔로14길,00015,00000,4238389,00,27260,0,27260, ,10100,범어동,청솔로14길 15,125113,2025-03-02 21:59,,,,,,2021-05-31,5,
 ,범어에일린의뜰,27260-1519,2272,0000,2021, , , ,"99,800",15,6,2021, , ,72.9621,26,2272,1,N, ,청솔로14길,00015,00000,4238389,00,27260,0,27260, ,10100,범어동,청솔로14길 15,125113,2025-03-02 21:59,,,,,,2021-06-15,5,
 ,범어에일린의뜰,27260-1519,2272,0000,2021, , , ,"85,000",18,6,2021, , ,84.9603,14,2272,1,N, ,청솔로14길,00015,00000,4238389,00,27260,0,27260, ,10100,범어동,청솔로14길 15,125113,2025-03-02 21:59,,,,,,2021-06-18,5,
 ,범어에일린의뜰,27260-1519,2272,0000,2021, , , ,"117,220",24,7,2021, , ,84.9608,18,2272,1,N, ,청솔로14길,00015,00000,4238389,00,27260,0,27260, ,10100,범어동,청솔로14길 15,125113,2025-03-02 21:59,,,,,,2021-07-24,5,
 ,범어에일린의뜰,27260-1519,2272,0000,2021, , , ,"59,300",31,12,2022,중개거래,대구 수성구,72.9621,19,2272,1,N, ,청솔로14길,00015,00000,4238389,00,27260,0,27260, ,10100,범어동,청솔로14길 15,125113,2025-03-02 21:59,,,,,,2022-12-31,3,
 ,범어에일린의뜰,27260-1519,2272,0000,2021, , , ,"65,000",19,12,2022,중개거래,대구 수성구,84.9608,1,2272,1,N, ,청솔로14길,00015,00000,4238389,00,27260,0,27260, ,10100,범어동,청솔로14길 15,125113,2025-03-02 21:59,,,,,,2022-12-19,3,
105동,범어에일린의뜰,27260-1519,2272,0000,2021, , , ,"62,000",26,1,2023,중개거래,대구 수성구,72.9621,20,2272,1,N,23.06.02,청솔로14길,00015,00000,4238389,00,27260,0,27260, ,10100,범어동,청솔로14길 15,125113,2025-03-02 21:59,,,,,,2023-01-26,3,
103동,범어에일린의뜰,27260-1519,2272,0000,2021, , , ,"60,000",30,1,2023,중개거래,대구 수성구,71.1875,7,2272,1,N,23.08.07,청솔로14길,00015,00000,4238389,00,27260,0,27260, ,10100,범어동,청솔로14길 15,125113,2025-03-02 21:59,,,,,,2023-01-30,3,
102동,범어에일린의뜰,27260-1519,2272,0000,2021, , , ,"73,000",26,1,2023,중개거래,대구 수성구,84.9608,6,2272,1,N,23.06.15,청솔로14길,00015,00000,4238389,00,27260,0,27260, ,10100,범어동,청솔로14길 15,125113,2025-03-02 21:59,,,,,,2023-01-26,3,
103동,범어에일린의뜰,27260-1519,2272,0000,2021, , , ,"60,000",30,1,2023,중개거래,대구 수성구,70.2513,12,2272,1,N,23.07.04,청솔로14길,00015,00000,4238389,00,27260,0,27260, ,10100,범어동,청솔로14길 15,125113,2025-03-02 21:59,,,,,,2023-01-30,3,
103동,범어에일린의뜰,27260-1519,2272,0000,2021, , , ,"58,450",19,1,2023,중개거래,대구 수성구,71.1875,18,2272,1,N,23.06.05,청솔로14길,00015,00000,4238389,00,27260,0,27260, ,10100,범어동,청솔로14길 15,125113,2025-03-02 21:59,,,,,,2023-01-19,3,
103동,범어에일린의뜰,27260-1519,2272,0000,2021, , , ,"57,500",21,1,2023,중개거래,대구 수성구,70.2513,19,2272,1,N,23.03.31,청솔로14길,00015,00000,4238389,00,27260,0,27260, ,10100,범어동,청솔로14길 15,125113,2025-03-02 21:59,,,,,,2023-01-21,3,
102동,범어에일린의뜰,27260-1519,2272,0000,2021, , , ,"59,000",14,1,2023,중개거래,대구 수성구,71.1875,9,2272,1,N,23.07.20,청솔로14길,00015,00000,4238389,00,27260,0,27260, ,10100,범어동,청솔로14길 15,125113,2025-03-02 21:59,,,,,,2023-01-14,3,
102동,범어에일린의뜰,27260-1519,2272,0000,2021, , , ,"58,800",4,1,2023,중개거래,대구 수성구,71.1875,12,2272,1,N,23.04.25,청솔로14길,00015,00000,4238389,00,27260,0,27260, ,10100,범어동,청솔로14길 15,125113,2025-03-02 21:59,,,,,,2023-01-04,3,
103동,범어에일린의뜰,27260-1519,2272,0000,2021, , , ,"56,000",14,1,2023,중개거래,대구 수성구,70.2513,9,2272,1,N,23.02.28,청솔로14길,00015,00000,4238389,00,27260,0,27260, ,10100,범어동,청솔로14길 15,125113,2025-03-02 21:59,,,,,,2023-01-14,3,
104동,범어에일린의뜰,27260-1519,2272,0000,2021, , , ,"75,000",19,2,2023,중개거래,대구 수성구 대구 중구,84.9603,11,2272,1,N,23.08.31,청솔로14길,00015,00000,4238389,00,27260,0,27260, ,10100,범어동,청솔로14길 15,125113,2025-03-02 21:59,,,,,,2023-02-19,3,
101동,범어에일린의뜰,27260-1519,2272,0000,2021, , , ,"80,000",24,2,2023,중개거래,대구 수성구,84.9603,20,2272,1,N,23.05.26,청솔로14길,00015,00000,4238389,00,27260,0,27260, ,10100,범어동,청솔로14길 15,125113,2025-03-02 21:59,,,,,,2023-02-24,3,
103동,범어에일린의뜰,27260-1519,2272,0000,2021, , , ,"60,000",28,2,2023,중개거래,대구 수성구,70.2513,19,2272,1,N,23.05.30,청솔로14길,00015,00000,4238389,00,27260,0,27260, ,10100,범어동,청솔로14길 15,125113,2025-03-02 21:59,,,,,,2023-02-28,3,
102동,범어에일린의뜰,27260-1519,2272,0000,2021, , , ,"77,000",6,2,2023,중개거래,대구 수성구,84.9603,21,2272,1,N,23.08.07,청솔로14길,00015,00000,4238389,00,27260,0,27260, ,10100,범어동,청솔로14길 15,125113,2025-03-02 21:59,,,,,,2023-02-06,3,
102동,범어에일린의뜰,27260-1519,2272,0000,2021, , , ,"78,000",12,2,2023,중개거래,대구 수성구,84.9603,25,2272,1,N,23.06.02,청솔로14길,00015,00000,4238389,00,27260,0,27260, ,10100,범어동,청솔로14길 15,125113,2025-03-02 21:59,,,,,,2023-02-12,3,
102동,범어에일린의뜰,27260-1519,2272,0000,2021, , , ,"62,000",3,2,2023,중개거래,대구 수성구,71.1875,17,2272,1,N,23.07.21,청솔로14길,00015,00000,4238389,00,27260,0,27260, ,10100,범어동,청솔로14길 15,125113,2025-03-02 21:59,,,,,,2023-02-03,3,
103동,범어에일린의뜰,27260-1519,2272,0000,2021, , , ,"63,000",6,2,2023,중개거래,대구 수성구,70.2513,24,2272,1,N,23.06.20,청솔로14길,00015,00000,4238389,00,27260,0,27260, ,10100,범어동,청솔로14길 15,125113,2025-03-02 21:59,,,,,,2023-02-06,3,
103동,범어에일린의뜰,27260-1519,2272,0000,2021, , , ,"75,300",4,2,2023,중개거래,대구 수성구,84.9603,15,2272,1,N,23.05.31,청솔로14길,00015,00000,4238389,00,27260,0,27260, ,10100,범어동,청솔로14길 15,125113,2025-03-02 21:59,,,,,,2023-02-04,3,
103동,범어에일린의뜰,27260-1519,2272,0000,2021, , , ,"59,999",11,2,2023,중개거래,대구 수성구,70.2513,10,2272,1,N,23.06.21,청솔로14길,00015,00000,4238389,00,27260,0,27260, ,10100,범어동,청솔로14길 15,125113,2025-03-02 21:59,,,,,,2023-02-11,3,
105동,범어에일린의뜰,27260-1519,2272,0000,2021, , , ,"61,000",4,2,2023,중개거래,대구 수성구 대구 중구,72.9621,18,2272,1,N,23.07.05,청솔로14길,00015,00000,4238389,00,27260,0,27260, ,10100,범어동,청솔로14길 15,125113,2025-03-02 21:59,,,,,,2023-02-04,3,
106동,범어에일린의뜰,27260-1519,2272,0000,2021, , , ,"108,000",30,3,2023,중개거래,대구 수성구,102.4805,14,2272,1,N,23.06.30,청솔로14길,00015,00000,4238389,00,27260,0,27260, ,10100,범어동,청솔로14길 15,125113,2025-03-02 21:59,,,,,,2023-03-30,3,
104동,범어에일린의뜰,27260-1519,2272,0000,2021, , , ,"83,000",25,3,2023,중개거래,대구 수성구,84.9608,22,2272,1,N,23.06.14,청솔로14길,00015,00000,4238389,00,27260,0,27260, ,10100,범어동,청솔로14길 15,125113,2025-03-02 21:59,,,,,,2023-03-25,3,
102동,범어에일린의뜰,27260-1519,2272,0000,2021, , , ,"81,500",28,3,2023,중개거래,대구 수성구 대구 중구,84.9603,8,2272,1,N,23.07.03,청솔로14길,00015,00000,4238389,00,27260,0,27260, ,10100,범어동,청솔로14길 15,125113,2025-03-02 21:59,,,,,,2023-03-28,3,
101동,범어에일린의뜰,27260-1519,2272,0000,2021, , , ,"65,800",25,3,2023,중개거래,대구 수성구,72.9621,3,2272,1,N,23.06.14,청솔로14길,00015,00000,4238389,00,27260,0,27260, ,10100,범어동,청솔로14길 15,125113,2025-03-02 21:59,,,,,,2023-03-25,3,
105동,범어에일린의뜰,27260-1519,2272,0000,2021, , , ,"62,900",7,3,2023,중개거래,대구 수성구,70.2513,13,2272,1,N,23.06.13,청솔로14길,00015,00000,4238389,00,27260,0,27260, ,10100,범어동,청솔로14길 15,125113,2025-03-02 21:59,,,,,,2023-03-07,3,
103동,범어에일린의뜰,27260-1519,2272,0000,2021, , , ,"78,500",22,3,2023,중개거래,대구 수성구,84.9603,22,2272,1,N,23.06.16,청솔로14길,00015,00000,4238389,00,27260,0,27260, ,10100,범어동,청솔로14길 15,125113,2025-03-02 21:59,,,,,,2023-03-22,3,
 ,범어에일린의뜰,27260-1519,2272,0000,2021, ,23.04.03,O,"78,500",22,3,2023,중개거래,대구 수성구,84.9603,22,2272,1,N, ,청솔로14길,00015,00000,4238389,00,27260,0,27260, ,10100,범어동,청솔로14길 15,125113,2025-03-02 21:59,,,,,,2023-03-22,3,
103동,범어에일린의뜰,27260-1519,2272,0000,2021, , , ,"65,000",17,3,2023,중개거래,대구 수성구,70.2513,13,2272,1,N,23.08.18,청솔로14길,00015,00000,4238389,00,27260,0,27260, ,10100,범어동,청솔로14길 15,125113,2025-03-02 21:59,,,,,,2023-03-17,3,
101동,범어에일린의뜰,27260-1519,2272,0000,2021, , , ,"65,000",15,3,2023,중개거래,대구 수성구,72.9621,23,2272,1,N,23.09.11,청솔로14길,00015,00000,4238389,00,27260,0,27260, ,10100,범어동,청솔로14길 15,125113,2025-03-02 21:59,,,,,,2023-03-15,3,
104동,범어에일린의뜰,27260-1519,2272,0000,2021, , , ,"77,800",20,3,2023,중개거래,대구 수성구,84.9603,17,2272,1,N,23.05.08,청솔로14길,00015,00000,4238389,00,27260,0,27260, ,10100,범어동,청솔로14길 15,125113,2025-03-02 21:59,,,,,,2023-03-20,3,
105동,범어에일린의뜰,27260-1519,2272,0000,2021, , , ,"63,500",10,3,2023,중개거래,대구 수성구,70.2513,18,2272,1,N,23.04.26,청솔로14길,00015,00000,4238389,00,27260,0,27260, ,10100,범어동,청솔로14길 15,125113,2025-03-02 21:59,,,,,,2023-03-10,3,
 ,범어에일린의뜰,27260-1519,2272,0000,2021, ,23.03.31,O,"65,500",12,3,2023,중개거래,대구 달서구 대구 수성구,71.1875,6,2272,1,N, ,청솔로14길,00015,00000,4238389,00,27260,0,27260, ,10100,범어동,청솔로14길 15,125113,2025-03-02 21:59,,,,,,2023-03-12,3,
104동,범어에일린의뜰,27260-1519,2272,0000,2021, , , ,"76,000",6,3,2023,중개거래,대구 수성구,84.941,23,2272,1,N,23.09.05,청솔로14길,00015,00000,4238389,00,27260,0,27260, ,10100,범어동,청솔로14길 15,125113,2025-03-02 21:59,,,,,,2023-03-06,3,
105동,범어에일린의뜰,27260-1519,2272,0000,2021, , , ,"63,000",5,3,2023,중개거래,대구 수성구,70.2513,9,2272,1,N,23.05.11,청솔로14길,00015,00000,4238389,00,27260,0,27260, ,10100,범어동,청솔로14길 15,125113,2025-03-02 21:59,,,,,,2023-03-05,3,
102동,범어에일린의뜰,27260-1519,2272,0000,2021, , , ,"79,000",3,3,2023,중개거래,대구 수성구,84.9603,26,2272,1,N,23.06.29,청솔로14길,00015,00000,4238389,00,27260,0,27260, ,10100,범어동,청솔로14길 15,125113,2025-03-02 21:59,,,,,,2023-03-03,3,
104동,범어에일린의뜰,27260-1519,2272,0000,2021, , , ,"85,300",24,4,2023,중개거래,대구 수성구,84.9608,11,2272,1,N,23.08.01,청솔로14길,00015,00000,4238389,00,27260,0,27260, ,10100,범어동,청솔로14길 15,125113,2025-03-02 21:59,,,,,,2023-04-24,3,
104동,범어에일린의뜰,27260-1519,2272,0000,2021, , , ,"79,000",21,4,2023,중개거래,"대구 수성구, 대구 중구",84.9603,7,2272,1,N,24.02.27,청솔로14길,00015,00000,4238389,00,27260,0,27260, ,10100,범어동,청솔로14길 15,125113,2025-03-02 21:59,,,,,,2023-04-21,3,
102동,범어에일린의뜰,27260-1519,2272,0000,2021, , , ,"76,000",20,4,2023,중개거래,대구 수성구,84.941,3,2272,1,N,23.11.30,청솔로14길,00015,00000,4238389,00,27260,0,27260, ,10100,범어동,청솔로14길 15,125113,2025-03-02 21:59,,,,,,2023-04-20,3,
103동,범어에일린의뜰,27260-1519,2272,0000,2021, , , ,"74,000",17,4,2023,중개거래,대구 수성구,84.941,2,2272,1,N,23.06.12,청솔로14길,00015,00000,4238389,00,27260,0,27260, ,10100,범어동,청솔로14길 15,125113,2025-03-02 21:59,,,,,,2023-04-17,3,
104동,범어에일린의뜰,27260-1519,2272,0000,2021, , , ,"85,000",7,4,2023,중개거래,대구 수성구,84.9603,29,2272,1,N,23.05.18,청솔로14길,00015,00000,4238389,00,27260,0,27260, ,10100,범어동,청솔로14길 15,125113,2025-03-02 21:59,,,,,,2023-04-07,3,
101동,범어에일린의뜰,27260-1519,2272,0000,2021, , , ,"83,500",6,4,2023,중개거래,대구 수성구,84.9603,9,2272,1,N,23.08.04,청솔로14길,00015,00000,4238389,00,27260,0,27260, ,10100,범어동,청솔로14길 15,125113,2025-03-02 21:59,,,,,,2023-04-06,3,
103동,범어에일린의뜰,27260-1519,2272,0000,2021, , , ,"70,000",1,4,2023,중개거래,대구 수성구,71.1875,10,2272,1,N,23.08.04,청솔로14길,00015,00000,4238389,00,27260,0,27260, ,10100,범어동,청솔로14길 15,125113,2025-03-02 21:59,,,,,,2023-04-01,3,
103동,범어에일린의뜰,27260-1519,2272,0000,2021, , , ,"71,000",3,4,2023,중개거래,대구 수성구,71.1875,17,2272,1,N,23.07.26,청솔로14길,00015,00000,4238389,00,27260,0,27260, ,10100,범어동,청솔로14길 15,125113,2025-03-02 21:59,,,,,,2023-04-03,3,
102동,범어에일린의뜰,27260-1519,2272,0000,2021, , , ,"65,000",8,4,2023,중개거래,대구 수성구,71.1875,2,2272,1,N,23.06.14,청솔로14길,00015,00000,4238389,00,27260,0,27260, ,10100,범어동,청솔로14길 15,125113,2025-03-02 21:59,,,,,,2023-04-08,3,
104동,범어에일린의뜰,27260-1519,2272,0000,2021, , , ,"73,000",24,4,2023,직거래, ,84.941,12,2272,1,N,23.08.07,청솔로14길,00015,00000,4238389,00,27260,0,27260, ,10100,범어동,청솔로14길 15,125113,2025-03-02 21:59,,,,,,2023-04-24,3,
101동,범어에일린의뜰,27260-1519,2272,0000,2021, , , ,"75,000",20,5,2023,직거래, ,84.9608,15,2272,1,N,23.06.20,청솔로14길,00015,00000,4238389,00,27260,0,27260, ,10100,범어동,청솔로14길 15,125113,2025-03-02 21:59,,,,,,2023-05-20,3,
105동,범어에일린의뜰,27260-1519,2272,0000,2021, , , ,"72,000",27,5,2023,중개거래,대구 수성구,72.9621,8,2272,1,N,23.07.24,청솔로14길,00015,00000,4238389,00,27260,0,27260, ,10100,범어동,청솔로14길 15,125113,2025-03-02 21:59,,,,,,2023-05-27,3,
105동,범어에일린의뜰,27260-1519,2272,0000,2021, , , ,"76,000",22,5,2023,중개거래,대구 수성구,72.9621,24,2272,1,N,23.07.26,청솔로14길,00015,00000,4238389,00,27260,0,27260, ,10100,범어동,청솔로14길 15,125113,2025-03-02 21:59,,,,,,2023-05-22,3,
105동,범어에일린의뜰,27260-1519,2272,0000,2021, , , ,"69,600",27,5,2023,중개거래,대구 수성구,70.2513,11,2272,1,N,23.08.25,청솔로14길,00015,00000,4238389,00,27260,0,27260, ,10100,범어동,청솔로14길 15,125113,2025-03-02 21:59,,,,,,2023-05-27,3,
106동,범어에일린의뜰,27260-1519,2272,0000,2021, , , ,"100,000",27,5,2023,중개거래,대구 수성구,102.4805,4,2272,1,N,23.08.10,청솔로14길,00015,00000,4238389,00,27260,0,27260, ,10100,범어동,청솔로14길 15,125113,2025-03-02 21:59,,,,,,2023-05-27,3,
102동,범어에일린의뜰,27260-1519,2272,0000,2021, , , ,"66,000",26,5,2023,직거래, ,84.9603,18,2272,1,N,23.09.04,청솔로14길,00015,00000,4238389,00,27260,0,27260, ,10100,범어동,청솔로14길 15,125113,2025-03-02 21:59,,,,,,2023-05-26,3,
105동,범어에일린의뜰,27260-1519,2272,0000,2021, , , ,"80,500",20,5,2023,중개거래,대구 수성구,84.941,5,2272,1,N,23.09.18,청솔로14길,00015,00000,4238389,00,27260,0,27260, ,10100,범어동,청솔로14길 15,125113,2025-03-02 21:59,,,,,,2023-05-20,3,
102동,범어에일린의뜰,27260-1519,2272,0000,2021, , , ,"80,000",26,5,2023,중개거래,대구 수성구,84.941,2,2272,1,N,23.07.28,청솔로14길,00015,00000,4238389,00,27260,0,27260, ,10100,범어동,청솔로14길 15,125113,2025-03-02 21:59,,,,,,2023-05-26,3,
103동,범어에일린의뜰,27260-1519,2272,0000,2021, , , ,"69,400",9,5,2023,중개거래,대구 수성구,71.1875,8,2272,1,N,23.07.31,청솔로14길,00015,00000,4238389,00,27260,0,27260, ,10100,범어동,청솔로14길 15,125113,2025-03-02 21:59,,,,,,2023-05-09,3,
101동,범어에일린의뜰,27260-1519,2272,0000,2021, , , ,"87,000",20,5,2023,중개거래,대구 수성구,84.9603,6,2272,1,N,23.08.04,청솔로14길,00015,00000,4238389,00,27260,0,27260, ,10100,범어동,청솔로14길 15,125113,2025-03-02 21:59,,,,,,2023-05-20,3,
104동,범어에일린의뜰,27260-1519,2272,0000,2021, , , ,"73,800",15,5,2023,중개거래,대구 수성구 대구 중구,72.9621,16,2272,1,N,23.08.04,청솔로14길,00015,00000,4238389,00,27260,0,27260, ,10100,범어동,청솔로14길 15,125113,2025-03-02 21:59,,,,,,2023-05-15,3,
102동,범어에일린의뜰,27260-1519,2272,0000,2021, , , ,"87,000",13,5,2023,중개거래,대구 수성구,84.9603,15,2272,1,N,23.06.13,청솔로14길,00015,00000,4238389,00,27260,0,27260, ,10100,범어동,청솔로14길 15,125113,2025-03-02 21:59,,,,,,2023-05-13,3,
102동,범어에일린의뜰,27260-1519,2272,0000,2021, , , ,"89,500",16,5,2023,중개거래,대구 수성구 대구 중구,84.9608,14,2272,1,N,23.08.10,청솔로14길,00015,00000,4238389,00,27260,0,27260, ,10100,범어동,청솔로14길 15,125113,2025-03-02 21:59,,,,,,2023-05-16,3,
104동,범어에일린의뜰,27260-1519,2272,0000,2021, , , ,"85,700",16,5,2023,중개거래,대구 수성구,84.9608,12,2272,1,N,23.10.31,청솔로14길,00015,00000,4238389,00,27260,0,27260, ,10100,범어동,청솔로14길 15,125113,2025-03-02 21:59,,,,,,2023-05-16,3,
101동,범어에일린의뜰,27260-1519,2272,0000,2021, , , ,"89,900",5,5,2023,중개거래,대구 수성구,84.9608,10,2272,1,N,23.07.26,청솔로14길,00015,00000,4238389,00,27260,0,27260, ,10100,범어동,청솔로14길 15,125113,2025-03-02 21:59,,,,,,2023-05-05,3,
102동,범어에일린의뜰,27260-1519,2272,0000,2021, , , ,"89,000",7,5,2023,중개거래,대구 수성구,84.9608,19,2272,1,N,23.07.28,청솔로14길,00015,00000,4238389,00,27260,0,27260, ,10100,범어동,청솔로14길 15,125113,2025-03-02 21:59,,,,,,2023-05-07,3,
101동,범어에일린의뜰,27260-1519,2272,0000,2021, , , ,"84,000",4,5,2023,중개거래,대구 수성구,84.9603,12,2272,1,N,23.06.15,청솔로14길,00015,00000,4238389,00,27260,0,27260, ,10100,범어동,청솔로14길 15,125113,2025-03-02 21:59,,,,,,2023-05-04,3,
101동,범어에일린의뜰,27260-1519,2272,0000,2021, , , ,"73,000",23,5,2023,직거래, ,84.941,3,2272,1,N,23.06.13,청솔로14길,00015,00000,4238389,00,27260,0,27260, ,10100,범어동,청솔로14길 15,125113,2025-03-02 21:59,,,,,,2023-05-23,3,
106동,범어에일린의뜰,27260-1519,2272,0000,2021, , , ,"102,000",29,6,2023,중개거래,대구 수성구,102.4805,5,2272,1,N,23.07.28,청솔로14길,00015,00000,4238389,00,27260,0,27260, ,10100,범어동,청솔로14길 15,125113,2025-03-02 21:59,,,,,,2023-06-29,3,
106동,범어에일린의뜰,27260-1519,2272,0000,2021, , , ,"112,000",6,6,2023,중개거래,대구 수성구,102.4805,12,2272,1,N,23.08.16,청솔로14길,00015,00000,4238389,00,27260,0,27260, ,10100,범어동,청솔로14길 15,125113,2025-03-02 21:59,,,,,,2023-06-06,3,
102동,범어에일린의뜰,27260-1519,2272,0000,2021, , , ,"85,000",5,6,2023,직거래, ,84.9608,9,2272,1,N,23.07.03,청솔로14길,00015,00000,4238389,00,27260,0,27260, ,10100,범어동,청솔로14길 15,125113,2025-03-02 21:59,,,,,,2023-06-05,3,
104동,범어에일린의뜰,27260-1519,2272,0000,2021, , , ,"76,000",16,6,2023,중개거래,대구 남구,84.9603,6,2272,1,N,23.06.28,청솔로14길,00015,00000,4238389,00,27260,0,27260, ,10100,범어동,청솔로14길 15,125113,2025-03-02 21:59,,,,,,2023-06-16,3,
102동,범어에일린의뜰,27260-1519,2272,0000,2021, , , ,"89,800",3,6,2023,중개거래,대구 수성구,84.9608,7,2272,1,N,23.09.11,청솔로14길,00015,00000,4238389,00,27260,0,27260, ,10100,범어동,청솔로14길 15,125113,2025-03-02 21:59,,,,,,2023-06-03,3,
102동,범어에일린의뜰,27260-1519,2272,0000,2021, , , ,"88,000",2,6,2023,중개거래,대구 수성구,84.9603,9,2272,1,N,23.07.17,청솔로14길,00015,00000,4238389,00,27260,0,27260, ,10100,범어동,청솔로14길 15,125113,2025-03-02 21:59,,,,,,2023-06-02,3,
103동,범어에일린의뜰,27260-1519,2272,0000,2021, , , ,"69,000",7,6,2023,중개거래,대구 수성구,70.2513,7,2272,1,N,23.08.10,청솔로14길,00015,00000,4238389,00,27260,0,27260, ,10100,범어동,청솔로14길 15,125113,2025-03-02 21:59,,,,,,2023-06-07,3,
103동,범어에일린의뜰,27260-1519,2272,0000,2021, , , ,"76,000",2,6,2023,중개거래,대구 달서구,84.941,13,2272,1,N,23.07.20,청솔로14길,00015,00000,4238389,00,27260,0,27260, ,10100,범어동,청솔로14길 15,125113,2025-03-02 21:59,,,,,,2023-06-02,3,
101동,범어에일린의뜰,27260-1519,2272,0000,2021, , , ,"73,000",31,7,2023,직거래, ,84.941,11,2272,1,N,23.08.11,청솔로14길,00015,00000,4238389,00,27260,0,27260, ,10100,범어동,청솔로14길 15,125113,2025-03-02 21:59,,,,,,2023-07-31,3,
105동,범어에일린의뜰,27260-1519,2272,0000,2021, , , ,"86,000",31,7,2023,직거래, ,84.941,18,2272,1,N,23.08.10,청솔로14길,00015,00000,4238389,00,27260,0,27260, ,10100,범어동,청솔로14길 15,125113,2025-03-02 21:59,,,,,,2023-07-31,3,
105동,범어에일린의뜰,27260-1519,2272,0000,2021, , , ,"69,000",9,7,2023,중개거래,대구 수성구,70.2513,7,2272,1,N,23.09.08,청솔로14길,00015,00000,4238389,00,27260,0,27260, ,10100,범어동,청솔로14길 15,125113,2025-03-02 21:59,,,,,,2023-07-09,3,
102동,범어에일린의뜰,27260-1519,2272,0000,2021, , , ,"85,000",22,7,2023,중개거래,대구 수성구,84.9608,3,2272,1,N,23.09.25,청솔로14길,00015,00000,4238389,00,27260,0,27260, ,10100,범어동,청솔로14길 15,125113,2025-03-02 21:59,,,,,,2023-07-22,3,
105동,범어에일린의뜰,27260-1519,2272,0000,2021, , , ,"89,800",19,7,2023,중개거래,대구 수성구,84.941,15,2272,1,N,23.09.05,청솔로14길,00015,00000,4238389,00,27260,0,27260, ,10100,범어동,청솔로14길 15,125113,2025-03-02 21:59,,,,,,2023-07-19,3,
103동,범어에일린의뜰,27260-1519,2272,0000,2021, , , ,"91,500",2,7,2023,중개거래,대구 수성구 대구 중구,84.9603,21,2272,1,N,23.10.04,청솔로14길,00015,00000,4238389,00,27260,0,27260, ,10100,범어동,청솔로14길 15,125113,2025-03-02 21:59,,,,,,2023-07-02,3,
105동,범어에일린의뜰,27260-1519,2272,0000,2021, , , ,"70,500",26,8,2023,중개거래,대구 수성구,70.2513,6,2272,1,N,23.11.29,청솔로14길,00015,00000,4238389,00,27260,0,27260, ,10100,범어동,청솔로14길 15,125113,2025-03-02 21:59,,,,,,2023-08-26,3,
104동,범어에일린의뜰,27260-1519,2272,0000,2021, , , ,"89,000",30,8,2023,중개거래,대구 수성구,84.9603,13,2272,1,N,24.01.15,청솔로14길,00015,00000,4238389,00,27260,0,27260, ,10100,범어동,청솔로14길 15,125113,2025-03-02 21:59,,,,,,2023-08-30,3,
103동,범어에일린의뜰,27260-1519,2272,0000,2021, , , ,"72,000",26,8,2023,중개거래,대구 수성구,71.1875,8,2272,1,N,23.10.04,청솔로14길,00015,00000,4238389,00,27260,0,27260, ,10100,범어동,청솔로14길 15,125113,2025-03-02 21:59,,,,,,2023-08-26,3,
101동,범어에일린의뜰,27260-1519,2272,0000,2021, , , ,"86,000",26,8,2023,중개거래,대구 수성구,84.9603,6,2272,1,N,23.09.15,청솔로14길,00015,00000,4238389,00,27260,0,27260, ,10100,범어동,청솔로14길 15,125113,2025-03-02 21:59,,,,,,2023-08-26,3,
104동,범어에일린의뜰,27260-1519,2272,0000,2021, , , ,"88,800",17,8,2023,중개거래,대구 수성구,84.9603,16,2272,1,N,23.09.05,청솔로14길,00015,00000,4238389,00,27260,0,27260, ,10100,범어동,청솔로14길 15,125113,2025-03-02 21:59,,,,,,2023-08-17,3,
103동,범어에일린의뜰,27260-1519,2272,0000,2021, , , ,"71,750",7,8,2023,중개거래,대구 동구 대구 중구,71.1875,5,2272,1,N,23.10.16,청솔로14길,00015,00000,4238389,00,27260,0,27260, ,10100,범어동,청솔로14길 15,125113,2025-03-02 21:59,,,,,,2023-08-07,3,
103동,범어에일린의뜰,27260-1519,2272,0000,2021, , , ,"86,500",11,8,2023,중개거래,대구 수성구 대구 중구,84.9603,9,2272,1,N,23.09.25,청솔로14길,00015,00000,4238389,00,27260,0,27260, ,10100,범어동,청솔로14길 15,125113,2025-03-02 21:59,,,,,,2023-08-11,3,
101동,범어에일린의뜰,27260-1519,2272,0000,2021, , , ,"79,000",3,8,2023,직거래, ,84.9608,16,2272,1,N,23.08.22,청솔로14길,00015,00000,4238389,00,27260,0,27260, ,10100,범어동,청솔로14길 15,125113,2025-03-02 21:59,,,,,,2023-08-03,3,
102동,범어에일린의뜰,27260-1519,2272,0000,2021, , , ,"89,500",24,9,2023,중개거래,대구 수성구 대구 중구,84.9603,2,2272,1,N,24.01.31,청솔로14길,00015,00000,4238389,00,27260,0,27260, ,10100,범어동,청솔로14길 15,125113,2025-03-02 21:59,,,,,,2023-09-24,3,
103동,범어에일린의뜰,27260-1519,2272,0000,2021, , , ,"73,000",25,9,2023,직거래, ,84.941,15,2272,1,N,23.11.03,청솔로14길,00015,00000,4238389,00,27260,0,27260, ,10100,범어동,청솔로14길 15,125113,2025-03-02 21:59,,,,,,2023-09-25,3,
104동,범어에일린의뜰,27260-1519,2272,0000,2021, , , ,"90,000",15,9,2023,중개거래,대구 중구,84.9608,14,2272,1,N,23.12.29,청솔로14길,00015,00000,4238389,00,27260,0,27260, ,10100,범어동,청솔로14길 15,125113,2025-03-02 21:59,,,,,,2023-09-15,3,
102동,범어에일린의뜰,27260-1519,2272,0000,2021, , , ,"90,000",22,9,2023,중개거래,대구 수성구,84.9608,5,2272,1,N,23.12.15,청솔로14길,00015,00000,4238389,00,27260,0,27260, ,10100,범어동,청솔로14길 15,125113,2025-03-02 21:59,,,,,,2023-09-22,3,
102동,범어에일린의뜰,27260-1519,2272,0000,2021, , , ,"87,000",18,9,2023,직거래, ,84.941,4,2272,1,N,23.10.16,청솔로14길,00015,00000,4238389,00,27260,0,27260, ,10100,범어동,청솔로14길 15,125113,2025-03-02 21:59,,,,,,2023-09-18,3,
102동,범어에일린의뜰,27260-1519,2272,0000,2021, , , ,"93,500",12,9,2023,중개거래,대구 달서구 대구 수성구,84.9608,12,2272,1,N,23.11.20,청솔로14길,00015,00000,4238389,00,27260,0,27260, ,10100,범어동,청솔로14길 15,125113,2025-03-02 21:59,,,,,,2023-09-12,3,
106동,범어에일린의뜰,27260-1519,2272,0000,2021, , , ,"118,500",22,9,2023,중개거래,대구 수성구,102.4805,13,2272,1,N,23.10.30,청솔로14길,00015,00000,4238389,00,27260,0,27260, ,10100,범어동,청솔로14길 15,125113,2025-03-02 21:59,,,,,,2023-09-22,3,
103동,범어에일린의뜰,27260-1519,2272,0000,2021, , , ,"72,400",26,9,2023,중개거래,대구 수성구,70.2513,13,2272,1,N,23.12.07,청솔로14길,00015,00000,4238389,00,27260,0,27260, ,10100,범어동,청솔로14길 15,125113,2025-03-02 21:59,,,,,,2023-09-26,3,
102동,범어에일린의뜰,27260-1519,2272,0000,2021, , , ,"85,000",6,9,2023,중개거래,대구 수성구,84.9608,2,2272,1,N,23.12.21,청솔로14길,00015,00000,4238389,00,27260,0,27260, ,10100,범어동,청솔로14길 15,125113,2025-03-02 21:59,,,,,,2023-09-06,3,
102동,범어에일린의뜰,27260-1519,2272,0000,2021, , , ,"75,000",22,10,2023,중개거래,대구 수성구,71.1875,19,2272,1,N,24.01.29,청솔로14길,00015,00000,4238389,00,27260,0,27260, ,10100,범어동,청솔로14길 15,125113,2025-03-02 21:59,,,,,,2023-10-22,3,
105동,범어에일린의뜰,27260-1519,2272,0000,2021, , , ,"75,000",10,10,2023,중개거래,대구 수성구,72.9621,4,2272,1,N,24.02.19,청솔로14길,00015,00000,4238389,00,27260,0,27260, ,10100,범어동,청솔로14길 15,125113,2025-03-02 21:59,,,,,,2023-10-10,3,
 ,범어에일린의뜰,27260-1519,2272,0000,2021, ,24.01.30,O,"91,500",24,11,2023,중개거래,대구 수성구,84.9608,15,2272,1,N, ,청솔로14길,00015,00000,4238389,00,27260,0,27260, ,10100,범어동,청솔로14길 15,125113,2025-03-02 21:59,,,,,,2023-11-24,3,
104동,범어에일린의뜰,27260-1519,2272,0000,2021, , , ,"90,000",19,11,2023,중개거래,대구 북구 대구 수성구,84.9603,17,2272,1,N,24.01.30,청솔로14길,00015,00000,4238389,00,27260,0,27260, ,10100,범어동,청솔로14길 15,125113,2025-03-02 21:59,,,,,,2023-11-19,3,
102동,범어에일린의뜰,27260-1519,2272,0000,2021, , , ,"74,800",9,11,2023,중개거래,대구 수성구,70.2513,17,2272,1,N,24.02.01,청솔로14길,00015,00000,4238389,00,27260,0,27260, ,10100,범어동,청솔로14길 15,125113,2025-03-02 21:59,,,,,,2023-11-09,3,
103동,범어에일린의뜰,27260-1519,2272,0000,2021, , , ,"73,000",6,11,2023,중개거래,대구 서구 대구 수성구,70.2513,25,2272,1,N,23.12.29,청솔로14길,00015,00000,4238389,00,27260,0,27260, ,10100,범어동,청솔로14길 15,125113,2025-03-02 21:59,,,,,,2023-11-06,3,
105동,범어에일린의뜰,27260-1519,2272,0000,2021, , , ,"74,300",1,12,2023,중개거래,대구 수성구,72.9621,13,2272,1,N,24.01.11,청솔로14길,00015,00000,4238389,00,27260,0,27260, ,10100,범어동,청솔로14길 15,125113,2025-03-02 21:59,,,,,,2023-12-01,3,
102동,범어에일린의뜰,27260-1519,2272,0000,2021, , , ,"73,300",16,12,2023,중개거래,대구 동구 대구 수성구,71.1875,20,2272,1,N,24.01.18,청솔로14길,00015,00000,4238389,00,27260,0,27260, ,10100,범어동,청솔로14길 15,125113,2025-03-02 21:59,,,,,,2023-12-16,3,
105동,범어에일린의뜰,27260-1519,2272,0000,2021,개인, , ,"73,000",20,1,2024,중개거래,대구 수성구,70.2513,28,2272,1,N,24.02.23,청솔로14길,00015,00000,4238389,00,27260,0,27260,개인,10100,범어동,청솔로14길 15,125113,2025-03-02 21:59,,,,,,2024-01-20,3,
102동,범어에일린의뜰,27260-1519,2272,0000,2021,개인, , ,"65,000",17,1,2024,중개거래,대구 수성구,70.2513,3,2272,1,N,24.02.16,청솔로14길,00015,00000,4238389,00,27260,0,27260,개인,10100,범어동,청솔로14길 15,125113,2025-03-02 21:59,,,,,,2024-01-17,3,
104동,범어에일린의뜰,27260-1519,2272,0000,2021,개인, , ,"91,500",30,1,2024,중개거래,대구 수성구,84.9608,15,2272,1,N,24.02.15,청솔로14길,00015,00000,4238389,00,27260,0,27260,개인,10100,범어동,청솔로14길 15,125113,2025-03-02 21:59,,,,,,2024-01-30,3,
105동,범어에일린의뜰,27260-1519,2272,0000,2021,개인, , ,"85,500",18,1,2024,중개거래,대구 수성구,84.941,13,2272,1,N,24.02.20,청솔로14길,00015,00000,4238389,00,27260,0,27260,개인,10100,범어동,청솔로14길 15,125113,2025-03-02 21:59,,,,,,2024-01-18,3,
102동,범어에일린의뜰,27260-1519,2272,0000,2021,개인, , ,"86,800",20,1,2024,중개거래,대구 수성구,84.941,10,2272,1,N,24.02.27,청솔로14길,00015,00000,4238389,00,27260,0,27260,개인,10100,범어동,청솔로14길 15,125113,2025-03-02 21:59,,,,,,2024-01-20,3,
102동,범어에일린의뜰,27260-1519,2272,0000,2021,개인, , ,"86,500",18,1,2024,중개거래,대구 수성구,84.941,15,2272,1,N,24.03.05,청솔로14길,00015,00000,4238389,00,27260,0,27260,개인,10100,범어동,청솔로14길 15,125113,2025-03-02 21:59,,,,,,2024-01-18,3,
103동,범어에일린의뜰,27260-1519,2272,0000,2021,개인, , ,"89,000",23,2,2024,중개거래,대구 수성구,84.941,12,2272,1,N,24.05.27,청솔로14길,00015,00000,4238389,00,27260,0,27260,개인,10100,범어동,청솔로14길 15,125113,2025-03-02 21:59,,,,,,2024-02-23,3,
104동,범어에일린의뜰,27260-1519,2272,0000,2021,개인, , ,"88,500",19,2,2024,중개거래,대구 수성구,84.941,27,2272,1,N,24.06.28,청솔로14길,00015,00000,4238389,00,27260,0,27260,개인,10100,범어동,청솔로14길 15,125113,2025-03-02 21:59,,,,,,2024-02-19,3,
103동,범어에일린의뜰,27260-1519,2272,0000,2021,개인, , ,"73,500",18,2,2024,중개거래,대구 수성구,70.2513,16,2272,1,N,24.06.28,청솔로14길,00015,00000,4238389,00,27260,0,27260,개인,10100,범어동,청솔로14길 15,125113,2025-03-02 21:59,,,,,,2024-02-18,3,
 ,범어에일린의뜰,27260-1519,2272,0000,2021,개인,24.03.07,O,"88,500",19,2,2024,중개거래,대구 수성구,84.941,27,2272,1,N, ,청솔로14길,00015,00000,4238389,00,27260,0,27260,개인,10100,범어동,청솔로14길 15,125113,2025-03-02 21:59,,,,,,2024-02-19,3,
 ,범어에일린의뜰,27260-1519,2272,0000,2021,개인,24.05.22,O,"89,000",23,2,2024,중개거래,대구 수성구,84.941,12,2272,1,N, ,청솔로14길,00015,00000,4238389,00,27260,0,27260,개인,10100,범어동,청솔로14길 15,125113,2025-03-02 21:59,,,,,,2024-02-23,3,
 ,범어에일린의뜰,27260-1519,2272,0000,2021,개인,24.02.27,O,"89,000",23,2,2024,중개거래,대구 수성구,84.941,12,2272,1,N, ,청솔로14길,00015,00000,4238389,00,27260,0,27260,개인,10100,범어동,청솔로14길 15,125113,2025-03-02 21:59,,,,,,2024-02-23,3,
105동,범어에일린의뜰,27260-1519,2272,0000,2021,개인, , ,"72,500",18,2,2024,중개거래,대구 수성구,70.2513,7,2272,1,N,24.04.26,청솔로14길,00015,00000,4238389,00,27260,0,27260,개인,10100,범어동,청솔로14길 15,125113,2025-03-02 21:59,,,,,,2024-02-18,3,
103동,범어에일린의뜰,27260-1519,2272,0000,2021,개인, , ,"86,200",2,2,2024,중개거래,대구 수성구,84.941,20,2272,1,N,24.02.29,청솔로14길,00015,00000,4238389,00,27260,0,27260,개인,10100,범어동,청솔로14길 15,125113,2025-03-02 21:59,,,,,,2024-02-02,3,
104동,범어에일린의뜰,27260-1519,2272,0000,2021,개인, , ,"90,000",16,3,2024,중개거래,대구 수성구,84.9603,9,2272,1,N,24.06.07,청솔로14길,00015,00000,4238389,00,27260,0,27260,개인,10100,범어동,청솔로14길 15,125113,2025-03-02 21:59,,,,,,2024-03-16,1,
101동,범어에일린의뜰,27260-1519,2272,0000,2021,개인, , ,"89,700",20,3,2024,중개거래,대구 중구,84.9603,11,2272,1,N,24.04.05,청솔로14길,00015,00000,4238389,00,27260,0,27260,개인,10100,범어동,청솔로14길 15,125113,2025-03-02 21:59,,,,,,2024-03-20,1,
104동,범어에일린의뜰,27260-1519,2272,0000,2021,개인, , ,"90,500",10,3,2024,중개거래,대구 수성구,84.9603,12,2272,1,N,24.06.28,청솔로14길,00015,00000,4238389,00,27260,0,27260,개인,10100,범어동,청솔로14길 15,125113,2025-03-02 21:59,,,,,,2024-03-10,1,
104동,범어에일린의뜰,27260-1519,2272,0000,2021,개인, , ,"90,000",21,4,2024,중개거래,대구 수성구,84.9603,21,2272,1,N,24.10.25,청솔로14길,00015,00000,4238389,00,27260,0,27260,개인,10100,범어동,청솔로14길 15,125113,2025-03-02 21:59,,,,,,2024-04-21,1,
104동,범어에일린의뜰,27260-1519,2272,0000,2021,개인, , ,"78,500",20,4,2024,중개거래,대구 수성구,72.9621,18,2272,1,N,24.08.07,청솔로14길,00015,00000,4238389,00,27260,0,27260,개인,10100,범어동,청솔로14길 15,125113,2025-03-02 21:59,,,,,,2024-04-20,1,
101동,범어에일린의뜰,27260-1519,2272,0000,2021,개인, , ,"93,950",28,4,2024,중개거래,대구 수성구,84.9608,22,2272,1,N,24.07.31,청솔로14길,00015,00000,4238389,00,27260,0,27260,개인,10100,범어동,청솔로14길 15,125113,2025-03-02 21:59,,,,,,2024-04-28,1,
103동,범어에일린의뜰,27260-1519,2272,0000,2021,개인, , ,"72,500",13,4,2024,중개거래,대구 수성구,70.2513,8,2272,1,N,24.05.31,청솔로14길,00015,00000,4238389,00,27260,0,27260,개인,10100,범어동,청솔로14길 15,125113,2025-03-02 21:59,,,,,,2024-04-13,1,
 ,범어에일린의뜰,27260-1519,2272,0000,2021,개인,24.05.24,O,"78,500",20,4,2024,중개거래,대구 수성구,72.9621,18,2272,1,N, ,청솔로14길,00015,00000,4238389,00,27260,0,27260,개인,10100,범어동,청솔로14길 15,125113,2025-03-02 21:59,,,,,,2024-04-20,1,
101동,범어에일린의뜰,27260-1519,2272,0000,2021,개인, , ,"88,000",21,4,2024,중개거래,대구 수성구,84.9603,2,2272,1,N,24.08.07,청솔로14길,00015,00000,4238389,00,27260,0,27260,개인,10100,범어동,청솔로14길 15,125113,2025-03-02 21:59,,,,,,2024-04-21,1,
 ,범어에일린의뜰,27260-1519,2272,0000,2021,개인,24.05.21,O,"78,500",20,4,2024,중개거래,대구 수성구,72.9621,18,2272,1,N, ,청솔로14길,00015,00000,4238389,00,27260,0,27260,개인,10100,범어동,청솔로14길 15,125113,2025-03-02 21:59,,,,,,2024-04-20,1,
103동,범어에일린의뜰,27260-1519,2272,0000,2021,개인, , ,"60,000",25,4,2024,직거래, ,70.2513,16,2272,1,N,24.05.02,청솔로14길,00015,00000,4238389,00,27260,0,27260,개인,10100,범어동,청솔로14길 15,125113,2025-03-02 21:59,,,,,,2024-04-25,1,
 ,범어에일린의뜰,27260-1519,2272,0000,2021,개인,24.10.08,O,"90,000",21,4,2024,중개거래,대구 수성구,84.9603,21,2272,1,N, ,청솔로14길,00015,00000,4238389,00,27260,0,27260,개인,10100,범어동,청솔로14길 15,125113,2025-03-02 21:59,,,,,,2024-04-21,1,
 ,범어에일린의뜰,27260-1519,2272,0000,2021,개인,24.04.21,O,"90,000",21,4,2024,중개거래,대구 수성구,84.9603,21,2272,1,N, ,청솔로14길,00015,00000,4238389,00,27260,0,27260,개인,10100,범어동,청솔로14길 15,125113,2025-03-02 21:59,,,,,,2024-04-21,1,
105동,범어에일린의뜰,27260-1519,2272,0000,2021,개인, , ,"74,500",11,4,2024,중개거래,대구 수성구,70.2513,14,2272,1,N,24.05.31,청솔로14길,00015,00000,4238389,00,27260,0,27260,개인,10100,범어동,청솔로14길 15,125113,2025-03-02 21:59,,,,,,2024-04-11,1,
101동,범어에일린의뜰,27260-1519,2272,0000,2021,개인, , ,"93,000",9,4,2024,중개거래,대구 수성구,84.9603,25,2272,1,N,24.05.13,청솔로14길,00015,00000,4238389,00,27260,0,27260,개인,10100,범어동,청솔로14길 15,125113,2025-03-02 21:59,,,,,,2024-04-09,1,
 ,범어에일린의뜰,27260-1519,2272,0000,2021,개인,24.05.23,O,"72,500",13,4,2024,중개거래,대구 수성구,70.2513,8,2272,1,N, ,청솔로14길,00015,00000,4238389,00,27260,0,27260,개인,10100,범어동,청솔로14길 15,125113,2025-03-02 21:59,,,,,,2024-04-13,1,
103동,범어에일린의뜰,27260-1519,2272,0000,2021,개인, , ,"74,400",1,4,2024,중개거래,대구 수성구,71.1875,5,2272,1,N,24.04.30,청솔로14길,00015,00000,4238389,00,27260,0,27260,개인,10100,범어동,청솔로14길 15,125113,2025-03-02 21:59,,,,,,2024-04-01,1,
101동,범어에일린의뜰,27260-1519,2272,0000,2021,개인, , ,"75,000",8,4,2024,중개거래,대구 수성구,72.9621,21,2272,1,N,24.04.11,청솔로14길,00015,00000,4238389,00,27260,0,27260,개인,10100,범어동,청솔로14길 15,125113,2025-03-02 21:59,,,,,,2024-04-08,1,
103동,범어에일린의뜰,27260-1519,2272,0000,2021,개인, , ,"71,900",18,5,2024,중개거래,대구 수성구,70.2513,2,2272,1,N,24.10.30,청솔로14길,00015,00000,4238389,00,27260,0,27260,개인,10100,범어동,청솔로14길 15,125113,2025-03-02 21:59,,,,,,2024-05-18,1,
 ,범어에일린의뜰,27260-1519,2272,0000,2021,개인,24.10.17,O,"71,900",18,5,2024,중개거래,대구 수성구,70.2513,2,2272,1,N, ,청솔로14길,00015,00000,4238389,00,27260,0,27260,개인,10100,범어동,청솔로14길 15,125113,2025-03-02 21:59,,,,,,2024-05-18,1,
 ,범어에일린의뜰,27260-1519,2272,0000,2021,개인,24.07.12,O,"89,500",20,5,2024,중개거래,대구 수성구,84.941,4,2272,1,N, ,청솔로14길,00015,00000,4238389,00,27260,0,27260,개인,10100,범어동,청솔로14길 15,125113,2025-03-02 21:59,,,,,,2024-05-20,1,
105동,범어에일린의뜰,27260-1519,2272,0000,2021,개인, , ,"75,000",1,5,2024,중개거래,대구 수성구,70.2513,27,2272,1,N,24.08.12,청솔로14길,00015,00000,4238389,00,27260,0,27260,개인,10100,범어동,청솔로14길 15,125113,2025-03-02 21:59,,,,,,2024-05-01,1,
105동,범어에일린의뜰,27260-1519,2272,0000,2021,개인, , ,"78,500",4,5,2024,중개거래,대구 수성구,72.9621,21,2272,1,N,24.06.19,청솔로14길,00015,00000,4238389,00,27260,0,27260,개인,10100,범어동,청솔로14길 15,125113,2025-03-02 21:59,,,,,,2024-05-04,1,
103동,범어에일린의뜰,27260-1519,2272,0000,2021,개인, , ,"76,000",5,5,2024,중개거래,대구 수성구,71.1875,9,2272,1,N,24.06.25,청솔로14길,00015,00000,4238389,00,27260,0,27260,개인,10100,범어동,청솔로14길 15,125113,2025-03-02 21:59,,,,,,2024-05-05,1,
102동,범어에일린의뜰,27260-1519,2272,0000,2021,개인, , ,"90,000",18,5,2024,중개거래,대구 수성구,84.941,17,2272,1,N,24.09.13,청솔로14길,00015,00000,4238389,00,27260,0,27260,개인,10100,범어동,청솔로14길 15,125113,2025-03-02 21:59,,,,,,2024-05-18,1,
105동,범어에일린의뜰,27260-1519,2272,0000,2021,개인, , ,"71,500",8,5,2024,중개거래,대구 수성구,70.2513,4,2272,1,N,24.10.11,청솔로14길,00015,00000,4238389,00,27260,0,27260,개인,10100,범어동,청솔로14길 15,125113,2025-03-02 21:59,,,,,,2024-05-08,1,
103동,범어에일린의뜰,27260-1519,2272,0000,2021,개인, , ,"95,700",27,5,2024,중개거래,대구 수성구,84.9603,19,2272,1,N,24.06.21,청솔로14길,00015,00000,4238389,00,27260,0,27260,개인,10100,범어동,청솔로14길 15,125113,2025-03-02 21:59,,,,,,2024-05-27,1,
102동,범어에일린의뜰,27260-1519,2272,0000,2021,개인, , ,"76,000",26,5,2024,중개거래,대구 수성구,70.2513,7,2272,1,N,24.09.11,청솔로14길,00015,00000,4238389,00,27260,0,27260,개인,10100,범어동,청솔로14길 15,125113,2025-03-02 21:59,,,,,,2024-05-26,1,
 ,범어에일린의뜰,27260-1519,2272,0000,2021,개인,24.05.26,O,"76,000",26,5,2024,중개거래,대구 수성구,70.2513,7,2272,1,N, ,청솔로14길,00015,00000,4238389,00,27260,0,27260,개인,10100,범어동,청솔로14길 15,125113,2025-03-02 21:59,,,,,,2024-05-26,1,
104동,범어에일린의뜰,27260-1519,2272,0000,2021,개인, , ,"77,500",3,5,2024,중개거래,대구 수성구,72.9621,14,2272,1,N,24.06.25,청솔로14길,00015,00000,4238389,00,27260,0,27260,개인,10100,범어동,청솔로14길 15,125113,2025-03-02 21:59,,,,,,2024-05-03,1,
 ,범어에일린의뜰,27260-1519,2272,0000,2021,개인,24.06.16,O,"75,000",1,5,2024,중개거래,대구 수성구,70.2513,27,2272,1,N, ,청솔로14길,00015,00000,4238389,00,27260,0,27260,개인,10100,범어동,청솔로14길 15,125113,2025-03-02 21:59,,,,,,2024-05-01,1,
 ,범어에일린의뜰,27260-1519,2272,0000,2021,개인,24.08.31,O,"71,900",18,5,2024,중개거래,대구 수성구,70.2513,2,2272,1,N, ,청솔로14길,00015,00000,4238389,00,27260,0,27260,개인,10100,범어동,청솔로14길 15,125113,2025-03-02 21:59,,,,,,2024-05-18,1,
 ,범어에일린의뜰,27260-1519,2272,0000,2021,개인,24.06.04,O,"78,500",4,5,2024,중개거래,대구 수성구,72.9621,21,2272,1,N, ,청솔로14길,00015,00000,4238389,00,27260,0,27260,개인,10100,범어동,청솔로14길 15,125113,2025-03-02 21:59,,,,,,2024-05-04,1,
 ,범어에일린의뜰,27260-1519,2272,0000,2021,개인,24.05.22,O,"78,500",4,5,2024,중개거래,대구 수성구,72.9621,21,2272,1,N, ,청솔로14길,00015,00000,4238389,00,27260,0,27260,개인,10100,범어동,청솔로14길 15,125113,2025-03-02 21:59,,,,,,2024-05-04,1,
102동,범어에일린의뜰,27260-1519,2272,0000,2021,개인, , ,"92,000",4,5,2024,중개거래,대구 수성구,84.941,12,2272,1,N,25.02.06,청솔로14길,00015,00000,4238389,00,27260,0,27260,개인,10100,범어동,청솔로14길 15,125113,2025-03-02 21:59,,,,,,2024-05-04,1,
105동,범어에일린의뜰,27260-1519,2272,0000,2021,개인, , ,"71,000",16,5,2024,중개거래,대구 수성구,72.9621,1,2272,1,N,24.06.05,청솔로14길,00015,00000,4238389,00,27260,0,27260,개인,10100,범어동,청솔로14길 15,125113,2025-03-02 21:59,,,,,,2024-05-16,1,
 ,범어에일린의뜰,27260-1519,2272,0000,2021,개인,24.05.22,O,"71,900",18,5,2024,중개거래,대구 수성구,70.2513,2,2272,1,N, ,청솔로14길,00015,00000,4238389,00,27260,0,27260,개인,10100,범어동,청솔로14길 15,125113,2025-03-02 21:59,,,,,,2024-05-18,1,
105동,범어에일린의뜰,27260-1519,2272,0000,2021,개인, , ,"87,000",13,5,2024,중개거래,대구 수성구,84.941,2,2272,1,N,24.05.28,청솔로14길,00015,00000,4238389,00,27260,0,27260,개인,10100,범어동,청솔로14길 15,125113,2025-03-02 21:59,,,,,,2024-05-13,1,
 ,범어에일린의뜰,27260-1519,2272,0000,2021,개인,24.05.23,O,"75,000",1,5,2024,중개거래,대구 수성구,70.2513,27,2272,1,N, ,청솔로14길,00015,00000,4238389,00,27260,0,27260,개인,10100,범어동,청솔로14길 15,125113,2025-03-02 21:59,,,,,,2024-05-01,1,
104동,범어에일린의뜰,27260-1519,2272,0000,2021,개인, , ,"79,800",29,6,2024,중개거래,대구 수성구,72.9621,6,2272,1,N,24.08.27,청솔로14길,00015,00000,4238389,00,27260,0,27260,개인,10100,범어동,청솔로14길 15,125113,2025-03-02 21:59,,,,,,2024-06-29,1,
105동,범어에일린의뜰,27260-1519,2272,0000,2021,개인, , ,"80,000",29,6,2024,중개거래,대구 수성구,70.2513,19,2272,1,N,24.08.30,청솔로14길,00015,00000,4238389,00,27260,0,27260,개인,10100,범어동,청솔로14길 15,125113,2025-03-02 21:59,,,,,,2024-06-29,1,
103동,범어에일린의뜰,27260-1519,2272,0000,2021,개인, , ,"79,300",7,6,2024,중개거래,대구 수성구,71.1875,15,2272,1,N,24.09.09,청솔로14길,00015,00000,4238389,00,27260,0,27260,개인,10100,범어동,청솔로14길 15,125113,2025-03-02 21:59,,,,,,2024-06-07,1,
101동,범어에일린의뜰,27260-1519,2272,0000,2021,개인, , ,"100,000",29,6,2024,중개거래,대구 수성구,84.941,26,2272,1,N,24.11.11,청솔로14길,00015,00000,4238389,00,27260,0,27260,개인,10100,범어동,청솔로14길 15,125113,2025-03-02 21:59,,,,,,2024-06-29,1,
 ,범어에일린의뜰,27260-1519,2272,0000,2021,개인,24.07.01,O,"80,000",29,6,2024,중개거래,대구 수성구,70.2513,19,2272,1,N, ,청솔로14길,00015,00000,4238389,00,27260,0,27260,개인,10100,범어동,청솔로14길 15,125113,2025-03-02 21:59,,,,,,2024-06-29,1,
103동,범어에일린의뜰,27260-1519,2272,0000,2021,개인, , ,"76,500",21,6,2024,중개거래,대구 수성구,70.2513,8,2272,1,N,24.07.30,청솔로14길,00015,00000,4238389,00,27260,0,27260,개인,10100,범어동,청솔로14길 15,125113,2025-03-02 21:59,,,,,,2024-06-21,1,
104동,범어에일린의뜰,27260-1519,2272,0000,2021,개인, , ,"95,000",6,6,2024,중개거래,대구 수성구,84.941,29,2272,1,N,24.08.21,청솔로14길,00015,00000,4238389,00,27260,0,27260,개인,10100,범어동,청솔로14길 15,125113,2025-03-02 21:59,,,,,,2024-06-06,1,
103동,범어에일린의뜰,27260-1519,2272,0000,2021,개인, , ,"77,500",8,6,2024,중개거래,대구 수성구,71.1875,3,2272,1,N,24.09.27,청솔로14길,00015,00000,4238389,00,27260,0,27260,개인,10100,범어동,청솔로14길 15,125113,2025-03-02 21:59,,,,,,2024-06-08,1,
102동,범어에일린의뜰,27260-1519,2272,0000,2021,개인, , ,"96,000",21,6,2024,직거래, ,84.9603,25,2272,1,N,24.06.24,청솔로14길,00015,00000,4238389,00,27260,0,27260,개인,10100,범어동,청솔로14길 15,125113,2025-03-02 21:59,,,,,,2024-06-21,1,
102동,범어에일린의뜰,27260-1519,2272,0000,2021,개인, , ,"78,500",12,6,2024,중개거래,대구 수성구,71.1875,3,2272,1,N,24.11.20,청솔로14길,00015,00000,4238389,00,27260,0,27260,개인,10100,범어동,청솔로14길 15,125113,2025-03-02 21:59,,,,,,2024-06-12,1,
105동,범어에일린의뜰,27260-1519,2272,0000,2021,개인, , ,"94,500",1,7,2024,중개거래,대구 수성구,84.941,14,2272,1,N,24.10.02,청솔로14길,00015,00000,4238389,00,27260,0,27260,개인,10100,범어동,청솔로14길 15,125113,2025-03-02 21:59,,,,,,2024-07-01,1,
102동,범어에일린의뜰,27260-1519,2272,0000,2021,개인, , ,"90,000",12,7,2024,중개거래,대구 수성구,84.941,4,2272,1,N,24.07.29,청솔로14길,00015,00000,4238389,00,27260,0,27260,개인,10100,범어동,청솔로14길 15,125113,2025-03-02 21:59,,,,,,2024-07-12,1,
104동,범어에일린의뜰,27260-1519,2272,0000,2021,개인, , ,"96,000",13,7,2024,중개거래,대구 수성구,84.941,19,2272,1,N,24.09.02,청솔로14길,00015,00000,4238389,00,27260,0,27260,개인,10100,범어동,청솔로14길 15,125113,2025-03-02 21:59,,,,,,2024-07-13,1,
105동,범어에일린의뜰,27260-1519,2272,0000,2021,개인, , ,"95,000",6,7,2024,중개거래,대구 수성구,84.941,20,2272,1,N,24.11.01,청솔로14길,00015,00000,4238389,00,27260,0,27260,개인,10100,범어동,청솔로14길 15,125113,2025-03-02 21:59,,,,,,2024-07-06,1,
104동,범어에일린의뜰,27260-1519,2272,0000,2021,개인, , ,"87,500",31,8,2024,중개거래,대구 수성구,84.9608,1,2272,1,N,24.12.24,청솔로14길,00015,00000,4238389,00,27260,0,27260,개인,10100,범어동,청솔로14길 15,125113,2025-03-02 21:59,,,,,,2024-08-31,1,
102동,범어에일린의뜰,27260-1519,2272,0000,2021,개인, , ,"105,000",30,8,2024,중개거래,"대구 북구, 대구 수성구",84.9603,13,2272,1,N,25.01.20,청솔로14길,00015,00000,4238389,00,27260,0,27260,개인,10100,범어동,청솔로14길 15,125113,2025-03-02 21:59,,,,,,2024-08-30,1,
101동,범어에일린의뜰,27260-1519,2272,0000,2021,개인, , ,"90,000",17,8,2024,중개거래,대구 수성구,84.9603,1,2272,1,N,24.09.10,청솔로14길,00015,00000,4238389,00,27260,0,27260,개인,10100,범어동,청솔로14길 15,125113,2025-03-02 21:59,,,,,,2024-08-17,1,
105동,범어에일린의뜰,27260-1519,2272,0000,2021,개인, , ,"95,000",11,8,2024,중개거래,대구 수성구,84.941,23,2272,1,N,24.08.23,청솔로14길,00015,00000,4238389,00,27260,0,27260,개인,10100,범어동,청솔로14길 15,125113,2025-03-02 21:59,,,,,,2024-08-11,1,
101동,범어에일린의뜰,27260-1519,2272,0000,2021,개인, , ,"85,100",7,8,2024,중개거래,대구 수성구,72.9621,22,2272,1,N,24.09.30,청솔로14길,00015,00000,4238389,00,27260,0,27260,개인,10100,범어동,청솔로14길 15,125113,2025-03-02 21:59,,,,,,2024-08-07,1,
105동,범어에일린의뜰,27260-1519,2272,0000,2021,개인, , ,"89,000",15,9,2024,중개거래,대구 수성구,70.2513,6,2272,1,N,25.01.22,청솔로14길,00015,00000,4238389,00,27260,0,27260,개인,10100,범어동,청솔로14길 15,125113,2025-03-02 21:59,,,,,,2024-09-15,1,
101동,범어에일린의뜰,27260-1519,2272,0000,2021,개인, , ,"98,000",27,9,2024,중개거래,대구 수성구,84.9603,4,2272,1,N,24.12.05,청솔로14길,00015,00000,4238389,00,27260,0,27260,개인,10100,범어동,청솔로14길 15,125113,2025-03-02 21:59,,,,,,2024-09-27,1,
103동,범어에일린의뜰,27260-1519,2272,0000,2021,개인, , ,"104,700",26,9,2024,중개거래,대구 수성구,84.9603,25,2272,1,N,24.12.27,청솔로14길,00015,00000,4238389,00,27260,0,27260,개인,10100,범어동,청솔로14길 15,125113,2025-03-02 21:59,,,,,,2024-09-26,1,
 ,범어에일린의뜰,27260-1519,2272,0000,2021,개인,24.12.16,O,"89,000",15,9,2024,중개거래,대구 수성구,70.2513,6,2272,1,N, ,청솔로14길,00015,00000,4238389,00,27260,0,27260,개인,10100,범어동,청솔로14길 15,125113,2025-03-02 21:59,,,,,,2024-09-15,1,
102동,범어에일린의뜰,27260-1519,2272,0000,2021,개인, , ,"105,000",13,9,2024,중개거래,"대구 달서구, 대구 수성구",84.9603,16,2272,1,N,24.11.29,청솔로14길,00015,00000,4238389,00,27260,0,27260,개인,10100,범어동,청솔로14길 15,125113,2025-03-02 21:59,,,,,,2024-09-13,1,
103동,범어에일린의뜰,27260-1519,2272,0000,2021,개인, , ,"96,000",6,9,2024,중개거래,대구 수성구,84.941,9,2272,1,N,24.10.07,청솔로14길,00015,00000,4238389,00,27260,0,27260,개인,10100,범어동,청솔로14길 15,125113,2025-03-02 21:59,,,,,,2024-09-06,1,
104동,범어에일린의뜰,27260-1519,2272,0000,2021,개인, , ,"93,000",21,10,2024,중개거래,대구 수성구,84.9603,2,2272,1,N,25.02.06,청솔로14길,00015,00000,4238389,00,27260,0,27260,개인,10100,범어동,청솔로14길 15,125113,2025-03-02 21:59,,,,,,2024-10-21,1,
101동,범어에일린의뜰,27260-1519,2272,0000,2021,개인, , ,"88,500",1,10,2024,중개거래,대구 수성구,72.9621,6,2272,1,N,25.01.09,청솔로14길,00015,00000,4238389,00,27260,0,27260,개인,10100,범어동,청솔로14길 15,125113,2025-03-02 21:59,,,,,,2024-10-01,1,
101동,범어에일린의뜰,27260-1519,2272,0000,2021,개인, , ,"101,000",15,11,2024,중개거래,대구 수성구,84.941,17,2272,1,N,25.01.14,청솔로14길,00015,00000,4238389,00,27260,0,27260,개인,10100,범어동,청솔로14길 15,125113,2025-03-02 21:59,,,,,,2024-11-15,1,
102동,범어에일린의뜰,27260-1519,2272,0000,2021,개인, , ,"89,500",26,12,2024,중개거래,대구 수성구,70.2513,23,2272,1,N,25.02.20,청솔로14길,00015,00000,4238389,00,27260,0,27260,개인,10100,범어동,청솔로14길 15,125113,2025-03-02 21:59,,,,,,2024-12-26,1,
101동,범어에일린의뜰,27260-1519,2272,0000,2021,개인, , ,"106,700",28,12,2024,중개거래,대구 수성구,84.941,25,2272,1,N,25.02.05,청솔로14길,00015,00000,4238389,00,27260,0,27260,개인,10100,범어동,청솔로14길 15,125113,2025-03-02 21:59,,,,,,2024-12-28,1,
