articleNo,complexNo,articleName,articleRealEstateTypeName,tradeTypeName,floorInfo,priceChangeState,isPriceModification,dealOrWarrantPrc,rentPrc,areaName,pyeongName,area1,area2,direction,articleConfirmYmd,articleFeatureDesc,tagList,buildingName,sameAddrCnt,sameAddrMaxPrc,sameAddrMinPrc,cpName,cpPcArticleUrl,latitude,longitude,realtorName,complexName,매물등록경과일,householdCountByPyeong,dealCount,leaseCount,rentCount,shortTermRentCount,roomCnt,bathroomCnt,averageTotalPrice,dealPriceMin2,dealPriceMax2,dealPricePerSpaceMin,dealPricePerSpaceMax,dealPriceString,dealPricePerSpaceString,leasePriceString,leasePricePerSpaceString,leasePriceRateString,rentPriceString,rentDepositPriceMin2,rentPriceMin2,rentDepositPriceMax2,rentPriceMax2,매매매물출현율,전세매물출현율,월세매물출현율,provider,baseYearMonthDay,dealUpperPriceLimit,dealAveragePrice,dealLowPriceLimit,dealAveragePriceChangeAmount,leaseUpperPriceLimit,leaseAveragePrice,leaseLowPriceLimit,leaseAveragePriceChangeAmount,rentLowPrice,deposit,rentUpperPrice,upperPriceLimit,averagePriceLimit,lowPriceLimit,priceChangeAmount,leasePerDealRate,floorType,downloadDate
2512266917,140889,광교에듀포레,아파트,매매,20/29,SAME,False,13억,,113A,34A,113,84,남동향,2025-03-08,하시입주가 주인거주로 집상태굿 조용한동 공원뷰  초중고인접,['15년이내' '방세개' '화장실두개' '고층'],5003동,4,13억,13억,매경부동산,http://land.mk.co.kr/rd/rd.php?UID=2512266917,37.28359,127.05342,자연앤힐스테이트(단지내)공인중개사사무소,광교에듀포레,3,115,9,1,0,0,3,2,371194,120000,130000,3498,3790,12억~13억,(3498~3790만원/3.3㎡),7억 9000,(2303만원/3.3㎡),61~66%,,,,,,7.8%,0.0%,0.0%,kbstar,2025-03-07,121000,116000,106500,0,77000,69000,66500,0,215,10000,250,77000,69000,66500,0,62~63%,중층,2025-03-11 22:19:39
2512268039,140889,광교에듀포레,아파트,매매,19/29,SAME,False,13억,,113A,34A,113,84,남동향,2025-03-08,로얄동 로얄층 집 상태 깨끗 전망 좋음전철역학원 도보이용,['15년이내' '방세개' '화장실두개' '중층'],5003동,4,13억,13억,매경부동산,http://land.mk.co.kr/rd/rd.php?UID=2512268039,37.28359,127.05342,자연앤힐스테이트(단지내)공인중개사사무소,광교에듀포레,3,115,9,1,0,0,3,2,371194,120000,130000,3498,3790,12억~13억,(3498~3790만원/3.3㎡),7억 9000,(2303만원/3.3㎡),61~66%,,,,,,7.8%,0.0%,0.0%,kbstar,2025-03-07,121000,116000,106500,0,77000,69000,66500,0,215,10000,250,77000,69000,66500,0,62~63%,중층,2025-03-11 22:19:39
2512944348,140889,광교에듀포레,아파트,매매,저/29,SAME,False,12억,,101A,30A,101,75,남서향,2025-03-11,채광좋고 트인뷰  초중  학원가 초인접 광교중앙역도보권,['15년이내' '방세개' '화장실두개' '세대당1대'],5001동,1,12억,12억,매경부동산,http://land.mk.co.kr/rd/rd.php?UID=2512944348,37.284092,127.052793,바른부동산중개,광교에듀포레,0,50,4,0,0,0,3,2,331184,110000,125000,3594,4084,11억~12억 5000,(3594~4084만원/3.3㎡),,,,,,,,,8.0%,0.0%,0.0%,kbstar,2025-03-07,110000,106000,96500,0,66500,64500,60000,0,200,10000,210,66500,64500,60000,0,60~62%,저층,2025-03-11 22:19:39
2512898081,140889,광교에듀포레,아파트,전세,저/29,SAME,False,7억 9000,,113A,34A,113,84,남동향,2025-03-11,예쁜숲뷰햇살 밝은집관리 잘된 깨끗한집입주일협의,['15년이내' '방세개' '화장실두개' '세대당1대'],5003동,1,7억 9000,7억 9000,매경부동산,http://land.mk.co.kr/rd/rd.php?UID=2512898081,37.28359,127.05342,광교로뎀공인,광교에듀포레,0,115,9,1,0,0,3,2,371194,120000,130000,3498,3790,12억~13억,(3498~3790만원/3.3㎡),7억 9000,(2303만원/3.3㎡),61~66%,,,,,,7.8%,0.0%,0.0%,kbstar,2025-03-07,121000,116000,106500,0,77000,69000,66500,0,215,10000,250,77000,69000,66500,0,62~63%,저층,2025-03-11 22:19:39
2512767503,140889,광교에듀포레,아파트,매매,저/20,SAME,False,11억 5000,,100B,30B,100,75,남서향,2025-03-11,판상형.입주일협의.초.중바로앞.광교학원가.전철역 도보7분.혜령호수공원산책,['15년이내' '방세개' '화장실두개' '세대당1대'],5002동,4,11억 5000,11억 5000,매경부동산,http://land.mk.co.kr/rd/rd.php?UID=2512767503,37.283678,127.052822,광교에듀포레공인중개사사무소,광교에듀포레,0,18,3,0,1,0,3,2,330353,105000,122000,3439,3996,10억 5000~12억 2000,(3439~3996만원/3.3㎡),,,,1억/230,10000,230,10000,230,16.7%,5.6%,0.0%,kbstar,2025-03-07,110000,106000,96500,0,66500,64500,60000,0,200,10000,210,66500,64500,60000,0,60~62%,저층,2025-03-11 22:19:39
2512933527,140889,광교에듀포레,아파트,월세,저/20,SAME,False,1억,230,100B,30B,100,75,남서향,2025-03-11,전망좋고 광교중앙역이용 편리 입주협의 백화점 호수공원학교학원이용편리,['15년이내' '방세개' '화장실두개' '세대당1대'],5002동,4,1억/230,1억/230,매경부동산,http://land.mk.co.kr/rd/rd.php?UID=2512933527,37.283678,127.052822,자연앤힐스테이트(단지내)공인중개사사무소,광교에듀포레,0,18,3,0,1,0,3,2,330353,105000,122000,3439,3996,10억 5000~12억 2000,(3439~3996만원/3.3㎡),,,,1억/230,10000,230,10000,230,16.7%,5.6%,0.0%,kbstar,2025-03-07,110000,106000,96500,0,66500,64500,60000,0,200,10000,210,66500,64500,60000,0,60~62%,저층,2025-03-11 22:19:39
2512619435,140889,광교에듀포레,아파트,매매,저/29,SAME,False,13억,,113A,34A,113,84,남동향,2025-03-10,33주인거주날짜협의가능금액협의가능,['15년이내' '방세개' '화장실두개' '세대당1대'],5003동,1,13억,13억,매경부동산,http://land.mk.co.kr/rd/rd.php?UID=2512619435,37.28359,127.05342,힐스탑(204-4002)공인중개사사무소,광교에듀포레,1,115,9,1,0,0,3,2,371194,120000,130000,3498,3790,12억~13억,(3498~3790만원/3.3㎡),7억 9000,(2303만원/3.3㎡),61~66%,,,,,,7.8%,0.0%,0.0%,kbstar,2025-03-07,121000,116000,106500,0,77000,69000,66500,0,215,10000,250,77000,69000,66500,0,62~63%,저층,2025-03-11 22:19:39
2511892125,140889,광교에듀포레,아파트,매매,저/29,SAME,False,12억,,101A,30A,101,75,남서향,2025-03-07,판상형.거실.방 넓음.주인거주 집 깨끗.초.중바로앞.학원가.전철역도보.,['15년이내' '방세개' '화장실두개' '세대당1대'],5003동,1,12억,12억,매경부동산,http://land.mk.co.kr/rd/rd.php?UID=2511892125,37.28359,127.05342,광교에듀포레공인중개사사무소,광교에듀포레,4,50,4,0,0,0,3,2,331184,110000,125000,3594,4084,11억~12억 5000,(3594~4084만원/3.3㎡),,,,,,,,,8.0%,0.0%,0.0%,kbstar,2025-03-07,110000,106000,96500,0,66500,64500,60000,0,200,10000,210,66500,64500,60000,0,60~62%,저층,2025-03-11 22:19:39
2511881467,140889,광교에듀포레,아파트,매매,저/29,SAME,False,12억 2000,,113A,34A,113,84,남서향,2025-03-07,주인거주 입주협의 언제든지 채광 조경조망 좋은집,['15년이내' '방세개' '화장실두개' '세대당1대'],5003동,2,12억 2000,12억 2000,부동산렛츠,http://rego.kr/rd/rd.asp?UID=2511881467,37.28359,127.05342,동행(광교)공인중개사사무소,광교에듀포레,4,115,9,1,0,0,3,2,371194,120000,130000,3498,3790,12억~13억,(3498~3790만원/3.3㎡),7억 9000,(2303만원/3.3㎡),61~66%,,,,,,7.8%,0.0%,0.0%,kbstar,2025-03-07,121000,116000,106500,0,77000,69000,66500,0,215,10000,250,77000,69000,66500,0,62~63%,저층,2025-03-11 22:19:39
2511890819,140889,광교에듀포레,아파트,매매,저/20,INCREASE,True,10억 5000,,100B,30B,100,75,남서향,2025-03-07,입주협의.초.중 .학원 가까움.전철역도보7분.아울렛.백화점.호수공원가까움,['15년이내' '방세개' '화장실두개' '세대당1대'],5002동,2,10억 5000,10억 5000,매경부동산,http://land.mk.co.kr/rd/rd.php?UID=2511890819,37.283678,127.052822,광교에듀포레공인중개사사무소,광교에듀포레,4,18,3,0,1,0,3,2,330353,105000,122000,3439,3996,10억 5000~12억 2000,(3439~3996만원/3.3㎡),,,,1억/230,10000,230,10000,230,16.7%,5.6%,0.0%,kbstar,2025-03-07,110000,106000,96500,0,66500,64500,60000,0,200,10000,210,66500,64500,60000,0,60~62%,저층,2025-03-11 22:19:39
2511892766,140889,광교에듀포레,아파트,매매,저/29,SAME,False,13억,,113A,34A,113,84,남동향,2025-03-07,전세안고 올수리된 깨끗한집.아늑한단지전망초.중.학원가인접.전철역 도보,['15년이내' '올수리' '방세개' '화장실두개'],5001동,1,13억,13억,매경부동산,http://land.mk.co.kr/rd/rd.php?UID=2511892766,37.284092,127.052793,광교에듀포레공인중개사사무소,광교에듀포레,4,115,9,1,0,0,3,2,371194,120000,130000,3498,3790,12억~13억,(3498~3790만원/3.3㎡),7억 9000,(2303만원/3.3㎡),61~66%,,,,,,7.8%,0.0%,0.0%,kbstar,2025-03-07,121000,116000,106500,0,77000,69000,66500,0,215,10000,250,77000,69000,66500,0,62~63%,저층,2025-03-11 22:19:39
2511817864,140889,광교에듀포레,아파트,매매,고/29,SAME,False,13억,,113A,34A,113,84,남동향,2025-03-06,로얄동로얄층.트인전망.조용한동.광교학세권.전철역도보.체육센타인접,['15년이내' '방세개' '화장실두개' '고층'],5001동,1,13억,13억,매경부동산,http://land.mk.co.kr/rd/rd.php?UID=2511817864,37.284092,127.052793,광교에듀포레공인중개사사무소,광교에듀포레,5,115,9,1,0,0,3,2,371194,120000,130000,3498,3790,12억~13억,(3498~3790만원/3.3㎡),7억 9000,(2303만원/3.3㎡),61~66%,,,,,,7.8%,0.0%,0.0%,kbstar,2025-03-07,121000,116000,106500,0,77000,69000,66500,0,215,10000,250,77000,69000,66500,0,62~63%,고층,2025-03-11 22:19:39
2511812605,140889,광교에듀포레,아파트,매매,고/29,SAME,False,13억,,113A,34A,113,84,남동향,2025-03-06,주인거주사색공원 수원시전망전철역도보10분초중도보3분학원가,['15년이내' '방세개' '화장실두개' '고층'],5001동,1,13억,13억,매경부동산,http://land.mk.co.kr/rd/rd.php?UID=2511812605,37.284092,127.052793,광교에듀포레공인중개사사무소,광교에듀포레,5,115,9,1,0,0,3,2,371194,120000,130000,3498,3790,12억~13억,(3498~3790만원/3.3㎡),7억 9000,(2303만원/3.3㎡),61~66%,,,,,,7.8%,0.0%,0.0%,kbstar,2025-03-07,121000,116000,106500,0,77000,69000,66500,0,215,10000,250,77000,69000,66500,0,62~63%,고층,2025-03-11 22:19:39
2511124439,140889,광교에듀포레,아파트,매매,중/29,SAME,False,11억,,101A,30A,101,75,남동향,2025-03-04,세안고매매 광교에듀타운 초등학교 중학교 근접,['15년이내' '방세개' '화장실두개' '중층'],5001동,2,11억,11억,한경부동산,https://realestate.hankyung.com/naver-listing?UID=2511124439,37.284092,127.052793,금호부동산중개법인 주식회사,광교에듀포레,7,50,4,0,0,0,3,2,331184,110000,125000,3594,4084,11억~12억 5000,(3594~4084만원/3.3㎡),,,,,,,,,8.0%,0.0%,0.0%,kbstar,2025-03-07,110000,106000,96500,0,66500,64500,60000,0,200,10000,210,66500,64500,60000,0,60~62%,중층,2025-03-11 22:19:39
2510856520,140889,광교에듀포레,아파트,매매,중/29,SAME,False,12억 5000,,101A,30A,101,75,남서향,2025-03-01,판상형.주인거주사색공원뻥뚤린뷰초중가깝고광교학원가중앙역7분,['15년이내' '방세개' '화장실두개' '중층'],5003동,1,12억 5000,12억 5000,매경부동산,http://land.mk.co.kr/rd/rd.php?UID=2510856520,37.28359,127.05342,광교에듀포레공인중개사사무소,광교에듀포레,10,50,4,0,0,0,3,2,331184,110000,125000,3594,4084,11억~12억 5000,(3594~4084만원/3.3㎡),,,,,,,,,8.0%,0.0%,0.0%,kbstar,2025-03-07,110000,106000,96500,0,66500,64500,60000,0,200,10000,210,66500,64500,60000,0,60~62%,중층,2025-03-11 22:19:39
2510888858,140889,광교에듀포레,아파트,매매,고/29,SAME,False,12억,,113A,34A,113,84,남동향,2025-03-01,트인전망.집깨끗.세안고.초.중.바로앞.광교학원가.전철역도보,['15년이내' '방세개' '화장실두개' '고층'],5001동,2,12억,12억,매경부동산,http://land.mk.co.kr/rd/rd.php?UID=2510888858,37.284092,127.052793,광교에듀포레공인중개사사무소,광교에듀포레,10,115,9,1,0,0,3,2,371194,120000,130000,3498,3790,12억~13억,(3498~3790만원/3.3㎡),7억 9000,(2303만원/3.3㎡),61~66%,,,,,,7.8%,0.0%,0.0%,kbstar,2025-03-07,121000,116000,106500,0,77000,69000,66500,0,215,10000,250,77000,69000,66500,0,62~63%,고층,2025-03-11 22:19:39
2510856643,140889,광교에듀포레,아파트,매매,중/20,SAME,False,12억 2000,,100B,30B,100,75,남서향,2025-03-01,판상형입주날짜협의초중고학원가인접전철역도보7분,['15년이내' '방세개' '화장실두개' '중층'],5002동,1,12억 2000,12억 2000,매경부동산,http://land.mk.co.kr/rd/rd.php?UID=2510856643,37.283678,127.052822,광교에듀포레공인중개사사무소,광교에듀포레,10,18,3,0,1,0,3,2,330353,105000,122000,3439,3996,10억 5000~12억 2000,(3439~3996만원/3.3㎡),,,,1억/230,10000,230,10000,230,16.7%,5.6%,0.0%,kbstar,2025-03-07,110000,106000,96500,0,66500,64500,60000,0,200,10000,210,66500,64500,60000,0,60~62%,중층,2025-03-11 22:19:39
2510603996,140889,광교에듀포레,아파트,매매,고/29,SAME,False,12억 5000,,113A,34A,113,84,남동향,2025-02-27,주인거주.집깨끗.트인전망.초.중.학원가바로 앞.전철역도보.백화점도보,['15년이내' '방세개' '화장실두개' '고층'],5003동,1,12억 5000,12억 5000,매경부동산,http://land.mk.co.kr/rd/rd.php?UID=2510603996,37.28359,127.05342,광교에듀포레공인중개사사무소,광교에듀포레,12,115,9,1,0,0,3,2,371194,120000,130000,3498,3790,12억~13억,(3498~3790만원/3.3㎡),7억 9000,(2303만원/3.3㎡),61~66%,,,,,,7.8%,0.0%,0.0%,kbstar,2025-03-07,121000,116000,106500,0,77000,69000,66500,0,215,10000,250,77000,69000,66500,0,62~63%,고층,2025-03-11 22:19:39
2512839460,136913,광교더리브,아파트,전세,6/27,SAME,False,6억 5000,,112E,34E,112,84,남동향,2025-03-11,융자무  하시입주가능,['15년이내' '융자금없는' '방세개' '화장실두개'],6205동,3,6억 5000,6억 5000,매경부동산,http://land.mk.co.kr/rd/rd.php?UID=2512839460,37.288321,127.064415,더리브 축복공인중개사사무소,광교더리브,0,302,29,5,1,0,3,2,323370,100000,130000,2938,3820,10억~13억,(2938~3820만원/3.3㎡),5억 9000~7억,(1734~2057만원/3.3㎡),45~70%,3억/150,30000,150,30000,150,9.6%,0.3%,0.0%,kbstar,2025-03-07,116500,109000,100000,0,65500,61000,58000,0,0,0,0,65500,61000,58000,0,56~58%,저층,2025-03-11 22:19:39
2512795744,136913,광교더리브,아파트,매매,4/23,SAME,False,11억,,99B,30B,99,74,남서향,2025-03-11,원천호수뷰 주인거주 조율가능,['15년이내' '방세개' '화장실두개' '세대당1대'],6204동,5,11억,11억,매경부동산,http://land.mk.co.kr/rd/rd.php?UID=2512795744,37.288242,127.06393,더리브 행복한광교공인중개사사무소,광교더리브,0,36,6,0,0,0,3,2,285127,105000,110000,3499,3666,10억 5000~11억,(3499~3666만원/3.3㎡),,,,,,,,,16.7%,0.0%,0.0%,kbstar,2025-03-07,102000,97500,92000,0,53500,50000,46000,0,0,0,0,53500,50000,46000,0,50~52%,저층,2025-03-11 22:19:39
2512747260,136913,광교더리브,아파트,매매,26/27,SAME,False,12억,,112E,34E,112,84,남서향,2025-03-11,햇살가득한집 뻥뚫린 씨티뷰 거실바닥중문LED,['15년이내' '방세개' '화장실두개' '고층'],6207동,3,12억,12억,매경부동산,http://land.mk.co.kr/rd/rd.php?UID=2512747260,37.289489,127.063659,광교 센트럴뷰 단지내공인중개사사무소,광교더리브,0,302,29,5,1,0,3,2,323370,100000,130000,2938,3820,10억~13억,(2938~3820만원/3.3㎡),5억 9000~7억,(1734~2057만원/3.3㎡),45~70%,3억/150,30000,150,30000,150,9.6%,0.3%,0.0%,kbstar,2025-03-07,116500,109000,100000,0,65500,61000,58000,0,0,0,0,65500,61000,58000,0,56~58%,고층,2025-03-11 22:19:39
2512786424,136913,광교더리브,아파트,매매,17/27,SAME,False,12억,,112E,34E,112,84,남동향,2025-03-11,방거실 모두 공원뷰  추천매물,['15년이내' '방세개' '화장실두개' '중층'],6209동,5,12억,12억,매경부동산,http://land.mk.co.kr/rd/rd.php?UID=2512786424,37.290319,127.063138,더리브 행복한광교공인중개사사무소,광교더리브,0,302,29,5,1,0,3,2,323370,100000,130000,2938,3820,10억~13억,(2938~3820만원/3.3㎡),5억 9000~7억,(1734~2057만원/3.3㎡),45~70%,3억/150,30000,150,30000,150,9.6%,0.3%,0.0%,kbstar,2025-03-07,116500,109000,100000,0,65500,61000,58000,0,0,0,0,65500,61000,58000,0,56~58%,중층,2025-03-11 22:19:39
2512746587,136913,광교더리브,아파트,전세,3/24,SAME,False,6억,,112E,34E,112,84,남동향,2025-03-11,입주날짜 4월30일부터 6월30일사이에 세입자분이 정한날 편의시설인접,['15년이내' '융자금없는' '방세개' '화장실두개'],6203동,2,6억,5억 9000,매경부동산,http://land.mk.co.kr/rd/rd.php?UID=2512746587,37.288744,127.063521,광교 센트럴뷰 단지내공인중개사사무소,광교더리브,0,302,29,5,1,0,3,2,323370,100000,130000,2938,3820,10억~13억,(2938~3820만원/3.3㎡),5억 9000~7억,(1734~2057만원/3.3㎡),45~70%,3억/150,30000,150,30000,150,9.6%,0.3%,0.0%,kbstar,2025-03-07,116500,109000,100000,0,65500,61000,58000,0,0,0,0,65500,61000,58000,0,56~58%,저층,2025-03-11 22:19:39
2512839274,136913,광교더리브,아파트,매매,20/27,SAME,False,11억,,112D,34D,112,84,남동향,2025-03-11,하시입주가능 중앙공원뷰와 호수공원뷰가 최상임.,['15년이내' '방세개' '화장실두개' '고층'],6208동,5,12억,11억,매경부동산,http://land.mk.co.kr/rd/rd.php?UID=2512839274,37.289879,127.063419,더리브 축복공인중개사사무소,광교더리브,0,172,17,1,1,0,3,2,323789,103000,140000,3023,4109,10억 3000~14억,(3023~4109만원/3.3㎡),6억,(1761만원/3.3㎡),43~58%,5000/250,5000,250,5000,250,9.9%,0.6%,0.0%,kbstar,2025-03-07,116500,109000,100000,0,65500,61000,58000,0,0,0,0,65500,61000,58000,0,56~58%,고층,2025-03-11 22:19:39
2512839403,136913,광교더리브,아파트,매매,6/27,SAME,False,11억,,112E,34E,112,84,남동향,2025-03-11,세안고매매  중앙공원뷰이며 집상태 아주깨끗함,['15년이내' '방세개' '화장실두개' '세대당1대'],6208동,4,11억,11억,매경부동산,http://land.mk.co.kr/rd/rd.php?UID=2512839403,37.289879,127.063419,더리브 축복공인중개사사무소,광교더리브,0,302,29,5,1,0,3,2,323370,100000,130000,2938,3820,10억~13억,(2938~3820만원/3.3㎡),5억 9000~7억,(1734~2057만원/3.3㎡),45~70%,3억/150,30000,150,30000,150,9.6%,0.3%,0.0%,kbstar,2025-03-07,116500,109000,100000,0,65500,61000,58000,0,0,0,0,65500,61000,58000,0,56~58%,저층,2025-03-11 22:19:39
2512787731,136913,광교더리브,아파트,매매,19/26,SAME,False,11억,,99A,30A,99,74,남서향,2025-03-11,여천뷰 햇살좋은집 주인거주,['15년이내' '방세개' '화장실두개' '고층'],6201동,6,11억,11억,매경부동산,http://land.mk.co.kr/rd/rd.php?UID=2512787731,37.289709,127.062411,더리브 행복한광교공인중개사사무소,광교더리브,0,97,6,0,0,0,3,2,285127,103000,120000,3433,3999,10억 3000~12억,(3433~3999만원/3.3㎡),,,,,,,,,6.2%,0.0%,0.0%,kbstar,2025-03-07,102000,97500,92000,0,53500,50000,46000,0,0,0,0,53500,50000,46000,0,50~52%,고층,2025-03-11 22:19:39
2512839520,136913,광교더리브,아파트,매매,10/24,SAME,False,10억 5000,,99B,30B,99,74,남서향,2025-03-11,하시입주  호수공원뷰가 이쁜집,['15년이내' '방세개' '화장실두개' '중층'],6203동,4,10억 5000,10억 5000,매경부동산,http://land.mk.co.kr/rd/rd.php?UID=2512839520,37.288744,127.063521,더리브 축복공인중개사사무소,광교더리브,0,36,6,0,0,0,3,2,285127,105000,110000,3499,3666,10억 5000~11억,(3499~3666만원/3.3㎡),,,,,,,,,16.7%,0.0%,0.0%,kbstar,2025-03-07,102000,97500,92000,0,53500,50000,46000,0,0,0,0,53500,50000,46000,0,50~52%,중층,2025-03-11 22:19:39
2512961888,136913,광교더리브,아파트,매매,2/27,SAME,False,10억 3000,,112D,34D,112,84,남동향,2025-03-11,더 오르기 전에 매수 추천 드려요 광교에서 가장 살기 좋은 단지,['15년이내' '방세개' '화장실두개' '세대당1대'],6207동,8,10억 3000,10억 3000,매경부동산,http://land.mk.co.kr/rd/rd.php?UID=2512961888,37.289489,127.063659,광교 434 공인중개사사무소,광교더리브,0,172,17,1,1,0,3,2,323789,103000,140000,3023,4109,10억 3000~14억,(3023~4109만원/3.3㎡),6억,(1761만원/3.3㎡),43~58%,5000/250,5000,250,5000,250,9.9%,0.6%,0.0%,kbstar,2025-03-07,116500,109000,100000,0,65500,61000,58000,0,0,0,0,65500,61000,58000,0,56~58%,저층,2025-03-11 22:19:39
2512886297,136913,광교더리브,아파트,매매,20/24,SAME,False,12억,,112E,34E,112,84,남동향,2025-03-11,뷰가 뻥뚫린 로얄층 주인거주 깨끗한집 보시고 판단,['15년이내' '방세개' '화장실두개' '고층'],6203동,3,12억,12억,부동산114,https://www.r114.com/z/depot/public/ArticleFromNbp.r114?UID=2512886297,37.288744,127.063521,바른부동산중개L,광교더리브,0,302,29,5,1,0,3,2,323370,100000,130000,2938,3820,10억~13억,(2938~3820만원/3.3㎡),5억 9000~7억,(1734~2057만원/3.3㎡),45~70%,3억/150,30000,150,30000,150,9.6%,0.3%,0.0%,kbstar,2025-03-07,116500,109000,100000,0,65500,61000,58000,0,0,0,0,65500,61000,58000,0,56~58%,고층,2025-03-11 22:19:39
2512284170,136913,광교더리브,아파트,매매,16/27,SAME,False,11억 8000,,112E,34E,112,84,남서향,2025-03-08,추천판상형일조량좋고 앞이 탁트인뷰 굿중앙공원및호수공원인접,['15년이내' '방세개' '화장실두개' '중층'],6207동,8,11억 8000,11억 8000,매경부동산,http://land.mk.co.kr/rd/rd.php?UID=2512284170,37.289489,127.063659,광교오드사랑(단지내)공인중개사사무소,광교더리브,3,302,29,5,1,0,3,2,323370,100000,130000,2938,3820,10억~13억,(2938~3820만원/3.3㎡),5억 9000~7억,(1734~2057만원/3.3㎡),45~70%,3억/150,30000,150,30000,150,9.6%,0.3%,0.0%,kbstar,2025-03-07,116500,109000,100000,0,65500,61000,58000,0,0,0,0,65500,61000,58000,0,56~58%,중층,2025-03-11 22:19:39
2512240763,136913,광교더리브,아파트,매매,1/27,SAME,False,10억,,112E,34E,112,84,남동향,2025-03-08,깨끗이 관리잘된 집 층간소음 거정없는 집,['15년이내' '1층' '방세개' '화장실두개'],6207동,2,10억,10억,매경부동산,http://land.mk.co.kr/rd/rd.php?UID=2512240763,37.289489,127.063659,광교삼성래미안공인중개사사무소,광교더리브,3,302,29,5,1,0,3,2,323370,100000,130000,2938,3820,10억~13억,(2938~3820만원/3.3㎡),5억 9000~7억,(1734~2057만원/3.3㎡),45~70%,3억/150,30000,150,30000,150,9.6%,0.3%,0.0%,kbstar,2025-03-07,116500,109000,100000,0,65500,61000,58000,0,0,0,0,65500,61000,58000,0,56~58%,1층,2025-03-11 22:19:39
2511381409,136913,광교더리브,아파트,매매,18/27,SAME,False,12억,,112E,34E,112,84,남서향,2025-03-05,언제든입주가능 선호하는 판상형 해잘들고 깨끗한집 ,['15년이내' '방세개' '화장실두개' '중층'],6208동,2,12억,12억,매경부동산,http://land.mk.co.kr/rd/rd.php?UID=2511381409,37.289879,127.063419,광교더리브 공인중개사사무소,광교더리브,6,302,29,5,1,0,3,2,323370,100000,130000,2938,3820,10억~13억,(2938~3820만원/3.3㎡),5억 9000~7억,(1734~2057만원/3.3㎡),45~70%,3억/150,30000,150,30000,150,9.6%,0.3%,0.0%,kbstar,2025-03-07,116500,109000,100000,0,65500,61000,58000,0,0,0,0,65500,61000,58000,0,56~58%,중층,2025-03-11 22:19:39
2511377705,136913,광교더리브,아파트,매매,5/27,SAME,False,11억 5000,,112E,34E,112,84,남서향,2025-03-05,7층높이 풀인테리어 정문쪽 뻥뷰 선호하는 판상형 해잘들고 깨끗한집 ,['15년이내' '방세개' '화장실두개' '세대당1대'],6207동,3,11억 5000,11억 5000,매경부동산,http://land.mk.co.kr/rd/rd.php?UID=2511377705,37.289489,127.063659,광교더리브 공인중개사사무소,광교더리브,6,302,29,5,1,0,3,2,323370,100000,130000,2938,3820,10억~13억,(2938~3820만원/3.3㎡),5억 9000~7억,(1734~2057만원/3.3㎡),45~70%,3억/150,30000,150,30000,150,9.6%,0.3%,0.0%,kbstar,2025-03-07,116500,109000,100000,0,65500,61000,58000,0,0,0,0,65500,61000,58000,0,56~58%,저층,2025-03-11 22:19:39
2512839628,136913,광교더리브,아파트,매매,중/26,SAME,False,10억 3000,,99A,30A,99,74,남서향,2025-03-11,실개처뷰가 아주이쁨,['15년이내' '방세개' '화장실두개' '중층'],6201동,4,10억 3000,10억 3000,매경부동산,http://land.mk.co.kr/rd/rd.php?UID=2512839628,37.289709,127.062411,더리브 축복공인중개사사무소,광교더리브,0,97,6,0,0,0,3,2,285127,103000,120000,3433,3999,10억 3000~12억,(3433~3999만원/3.3㎡),,,,,,,,,6.2%,0.0%,0.0%,kbstar,2025-03-07,102000,97500,92000,0,53500,50000,46000,0,0,0,0,53500,50000,46000,0,50~52%,중층,2025-03-11 22:19:39
2512890138,136913,광교더리브,아파트,매매,저/24,SAME,False,11억,,99B,30B,99,74,남서향,2025-03-11,입구동으로 생활편리하며 채광좋고 밝은집 주인거주 완전깨끗,['15년이내' '방세개' '화장실두개' '세대당1대'],6203동,2,11억,11억,매경부동산,http://land.mk.co.kr/rd/rd.php?UID=2512890138,37.288744,127.063521,센트럴뷰행운부동산공인중개사사무소,광교더리브,0,36,6,0,0,0,3,2,285127,105000,110000,3499,3666,10억 5000~11억,(3499~3666만원/3.3㎡),,,,,,,,,16.7%,0.0%,0.0%,kbstar,2025-03-07,102000,97500,92000,0,53500,50000,46000,0,0,0,0,53500,50000,46000,0,50~52%,저층,2025-03-11 22:19:39
2512839331,136913,광교더리브,아파트,매매,고/23,SAME,False,11억 4000,,112E,34E,112,84,남동향,2025-03-11,화이트로 올인태리어했음  하시입주,['15년이내' '방세개' '화장실두개' '고층'],6204동,4,11억 4000,11억 4000,매경부동산,http://land.mk.co.kr/rd/rd.php?UID=2512839331,37.288242,127.06393,더리브 축복공인중개사사무소,광교더리브,0,302,29,5,1,0,3,2,323370,100000,130000,2938,3820,10억~13억,(2938~3820만원/3.3㎡),5억 9000~7억,(1734~2057만원/3.3㎡),45~70%,3억/150,30000,150,30000,150,9.6%,0.3%,0.0%,kbstar,2025-03-07,116500,109000,100000,0,65500,61000,58000,0,0,0,0,65500,61000,58000,0,56~58%,고층,2025-03-11 22:19:39
2512893993,136913,광교더리브,아파트,매매,중/27,SAME,False,12억,,112E,34E,112,84,남동향,2025-03-11,추천매물 최근리모델링 공원과 호수뷰 컨디션최상,['15년이내' '방세개' '화장실두개' '중층'],6209동,1,12억,12억,매경부동산,http://land.mk.co.kr/rd/rd.php?UID=2512893993,37.290319,127.063138,더리브 행복한광교공인중개사사무소,광교더리브,0,302,29,5,1,0,3,2,323370,100000,130000,2938,3820,10억~13억,(2938~3820만원/3.3㎡),5억 9000~7억,(1734~2057만원/3.3㎡),45~70%,3억/150,30000,150,30000,150,9.6%,0.3%,0.0%,kbstar,2025-03-07,116500,109000,100000,0,65500,61000,58000,0,0,0,0,65500,61000,58000,0,56~58%,중층,2025-03-11 22:19:39
2512839227,136913,광교더리브,아파트,매매,고/27,SAME,False,11억 5000,,112E,34E,112,84,남동향,2025-03-11,전세끼고갭투  호수공원전망최상,['15년이내' '방세개' '화장실두개' '고층'],6208동,4,11억 5000,11억,매경부동산,http://land.mk.co.kr/rd/rd.php?UID=2512839227,37.289879,127.063419,더리브 축복공인중개사사무소,광교더리브,0,302,29,5,1,0,3,2,323370,100000,130000,2938,3820,10억~13억,(2938~3820만원/3.3㎡),5억 9000~7억,(1734~2057만원/3.3㎡),45~70%,3억/150,30000,150,30000,150,9.6%,0.3%,0.0%,kbstar,2025-03-07,116500,109000,100000,0,65500,61000,58000,0,0,0,0,65500,61000,58000,0,56~58%,고층,2025-03-11 22:19:39
2512794813,136913,광교더리브,아파트,매매,중/27,SAME,False,12억 5000,,112E,34E,112,84,남서향,2025-03-11,환상적인 호수뷰 집상태매우깨끗,['15년이내' '방세개' '화장실두개' '중층'],6205동,2,12억 5000,12억 5000,매경부동산,http://land.mk.co.kr/rd/rd.php?UID=2512794813,37.288321,127.064415,더리브 행복한광교공인중개사사무소,광교더리브,0,302,29,5,1,0,3,2,323370,100000,130000,2938,3820,10억~13억,(2938~3820만원/3.3㎡),5억 9000~7억,(1734~2057만원/3.3㎡),45~70%,3억/150,30000,150,30000,150,9.6%,0.3%,0.0%,kbstar,2025-03-07,116500,109000,100000,0,65500,61000,58000,0,0,0,0,65500,61000,58000,0,56~58%,중층,2025-03-11 22:19:39
2512749640,136913,광교더리브,아파트,매매,저/27,SAME,False,11억,,112D,34D,112,84,남동향,2025-03-11,아름다운 중앙공원뷰 조용하고 안정적인 아파트 원천호수편의시설짱,['15년이내' '방세개' '화장실두개' '세대당1대'],6208동,1,11억,11억,매경부동산,http://land.mk.co.kr/rd/rd.php?UID=2512749640,37.289879,127.063419,광교 센트럴뷰 단지내공인중개사사무소,광교더리브,0,172,17,1,1,0,3,2,323789,103000,140000,3023,4109,10억 3000~14억,(3023~4109만원/3.3㎡),6억,(1761만원/3.3㎡),43~58%,5000/250,5000,250,5000,250,9.9%,0.6%,0.0%,kbstar,2025-03-07,116500,109000,100000,0,65500,61000,58000,0,0,0,0,65500,61000,58000,0,56~58%,저층,2025-03-11 22:19:39
2512781517,136913,광교더리브,아파트,매매,고/27,SAME,False,12억 7000,,112E,34E,112,84,남서향,2025-03-11,언제든입주가능 선호하는 판상형 해잘들고 깨끗한집 ,['15년이내' '방세개' '화장실두개' '고층'],6207동,1,12억 7000,12억 7000,매경부동산,http://land.mk.co.kr/rd/rd.php?UID=2512781517,37.289489,127.063659,광교더리브 공인중개사사무소,광교더리브,0,302,29,5,1,0,3,2,323370,100000,130000,2938,3820,10억~13억,(2938~3820만원/3.3㎡),5억 9000~7억,(1734~2057만원/3.3㎡),45~70%,3억/150,30000,150,30000,150,9.6%,0.3%,0.0%,kbstar,2025-03-07,116500,109000,100000,0,65500,61000,58000,0,0,0,0,65500,61000,58000,0,56~58%,고층,2025-03-11 22:19:39
2512796122,136913,광교더리브,아파트,매매,저/27,SAME,False,12억 7000,,112D,34D,112,84,남동향,2025-03-11,집상태최상붙박이장숲과호수뷰가 예뻐요,['15년이내' '방세개' '화장실두개' '세대당1대'],6205동,3,12억 7000,12억 7000,매경부동산,http://land.mk.co.kr/rd/rd.php?UID=2512796122,37.288321,127.064415,더리브 행복한광교공인중개사사무소,광교더리브,0,172,17,1,1,0,3,2,323789,103000,140000,3023,4109,10억 3000~14억,(3023~4109만원/3.3㎡),6억,(1761만원/3.3㎡),43~58%,5000/250,5000,250,5000,250,9.9%,0.6%,0.0%,kbstar,2025-03-07,116500,109000,100000,0,65500,61000,58000,0,0,0,0,65500,61000,58000,0,56~58%,저층,2025-03-11 22:19:39
2512796357,136913,광교더리브,아파트,매매,중/24,SAME,False,11억,,99B,30B,99,74,남서향,2025-03-11,원천호수뷰 조건조율가능 컨디션굿,['15년이내' '방세개' '화장실두개' '중층'],6203동,2,11억,11억,매경부동산,http://land.mk.co.kr/rd/rd.php?UID=2512796357,37.288744,127.063521,더리브 행복한광교공인중개사사무소,광교더리브,0,36,6,0,0,0,3,2,285127,105000,110000,3499,3666,10억 5000~11억,(3499~3666만원/3.3㎡),,,,,,,,,16.7%,0.0%,0.0%,kbstar,2025-03-07,102000,97500,92000,0,53500,50000,46000,0,0,0,0,53500,50000,46000,0,50~52%,중층,2025-03-11 22:19:39
2512785032,136913,광교더리브,아파트,매매,고/27,SAME,False,12억 2000,,112E,34E,112,84,남동향,2025-03-11,짧은세안고 호수와 공원뷰,['15년이내' '방세개' '화장실두개' '고층'],6207동,7,12억 2000,12억 2000,매경부동산,http://land.mk.co.kr/rd/rd.php?UID=2512785032,37.289489,127.063659,더리브 행복한광교공인중개사사무소,광교더리브,0,302,29,5,1,0,3,2,323370,100000,130000,2938,3820,10억~13억,(2938~3820만원/3.3㎡),5억 9000~7억,(1734~2057만원/3.3㎡),45~70%,3억/150,30000,150,30000,150,9.6%,0.3%,0.0%,kbstar,2025-03-07,116500,109000,100000,0,65500,61000,58000,0,0,0,0,65500,61000,58000,0,56~58%,고층,2025-03-11 22:19:39
2512791190,136913,광교더리브,아파트,매매,중/27,SAME,False,13억,,112E,34E,112,84,남서향,2025-03-11,4베이 원천호수뷰 종일 밝은집,['15년이내' '방세개' '화장실두개' '중층'],6205동,3,13억,13억,매경부동산,http://land.mk.co.kr/rd/rd.php?UID=2512791190,37.288321,127.064415,더리브 행복한광교공인중개사사무소,광교더리브,0,302,29,5,1,0,3,2,323370,100000,130000,2938,3820,10억~13억,(2938~3820만원/3.3㎡),5억 9000~7억,(1734~2057만원/3.3㎡),45~70%,3억/150,30000,150,30000,150,9.6%,0.3%,0.0%,kbstar,2025-03-07,116500,109000,100000,0,65500,61000,58000,0,0,0,0,65500,61000,58000,0,56~58%,중층,2025-03-11 22:19:39
2512783394,136913,광교더리브,아파트,월세,저/27,SAME,False,5000,250,112D,34D,112,84,남동향,2025-03-11,중앙공원뷰 높은저층 주인거주,['15년이내' '방세개' '화장실두개' '세대당1대'],6209동,1,5000/250,5000/250,매경부동산,http://land.mk.co.kr/rd/rd.php?UID=2512783394,37.290319,127.063138,더리브 행복한광교공인중개사사무소,광교더리브,0,172,17,1,1,0,3,2,323789,103000,140000,3023,4109,10억 3000~14억,(3023~4109만원/3.3㎡),6억,(1761만원/3.3㎡),43~58%,5000/250,5000,250,5000,250,9.9%,0.6%,0.0%,kbstar,2025-03-07,116500,109000,100000,0,65500,61000,58000,0,0,0,0,65500,61000,58000,0,56~58%,저층,2025-03-11 22:19:39
2512794511,136913,광교더리브,아파트,매매,중/27,SAME,False,12억,,112E,34E,112,84,남서향,2025-03-11,추천매물 그림같은 호수뷰 입주투자모두가능,['15년이내' '방세개' '화장실두개' '중층'],6205동,3,12억,12억,매경부동산,http://land.mk.co.kr/rd/rd.php?UID=2512794511,37.288321,127.064415,더리브 행복한광교공인중개사사무소,광교더리브,0,302,29,5,1,0,3,2,323370,100000,130000,2938,3820,10억~13억,(2938~3820만원/3.3㎡),5억 9000~7억,(1734~2057만원/3.3㎡),45~70%,3억/150,30000,150,30000,150,9.6%,0.3%,0.0%,kbstar,2025-03-07,116500,109000,100000,0,65500,61000,58000,0,0,0,0,65500,61000,58000,0,56~58%,중층,2025-03-11 22:19:39
2512785391,136913,광교더리브,아파트,매매,저/26,SAME,False,11억,,99A,30A,99,74,남서향,2025-03-11,인테리어 학교가까운동 따뜻한집,['15년이내' '방세개' '화장실두개' '세대당1대'],6201동,2,11억,11억,매경부동산,http://land.mk.co.kr/rd/rd.php?UID=2512785391,37.289709,127.062411,더리브 행복한광교공인중개사사무소,광교더리브,0,97,6,0,0,0,3,2,285127,103000,120000,3433,3999,10억 3000~12억,(3433~3999만원/3.3㎡),,,,,,,,,6.2%,0.0%,0.0%,kbstar,2025-03-07,102000,97500,92000,0,53500,50000,46000,0,0,0,0,53500,50000,46000,0,50~52%,저층,2025-03-11 22:19:39
2512794085,136913,광교더리브,아파트,매매,중/27,SAME,False,12억 2000,,112E,34E,112,84,남동향,2025-03-11,세안고 신대호수뷰 입주협의,['15년이내' '방세개' '화장실두개' '중층'],6208동,2,12억 2000,12억 2000,매경부동산,http://land.mk.co.kr/rd/rd.php?UID=2512794085,37.289879,127.063419,더리브 행복한광교공인중개사사무소,광교더리브,0,302,29,5,1,0,3,2,323370,100000,130000,2938,3820,10억~13억,(2938~3820만원/3.3㎡),5억 9000~7억,(1734~2057만원/3.3㎡),45~70%,3억/150,30000,150,30000,150,9.6%,0.3%,0.0%,kbstar,2025-03-07,116500,109000,100000,0,65500,61000,58000,0,0,0,0,65500,61000,58000,0,56~58%,중층,2025-03-11 22:19:39
2512797479,136913,광교더리브,아파트,매매,저/27,SAME,False,11억 5000,,112D,34D,112,84,남동향,2025-03-11,산과 원천호수뷰 주인거주로 컨디션좋아요 입주협의,['15년이내' '방세개' '화장실두개' '세대당1대'],6205동,1,11억 5000,11억 5000,매경부동산,http://land.mk.co.kr/rd/rd.php?UID=2512797479,37.288321,127.064415,더리브 행복한광교공인중개사사무소,광교더리브,0,172,17,1,1,0,3,2,323789,103000,140000,3023,4109,10억 3000~14억,(3023~4109만원/3.3㎡),6억,(1761만원/3.3㎡),43~58%,5000/250,5000,250,5000,250,9.9%,0.6%,0.0%,kbstar,2025-03-07,116500,109000,100000,0,65500,61000,58000,0,0,0,0,65500,61000,58000,0,56~58%,저층,2025-03-11 22:19:39
2512123820,136913,광교더리브,아파트,매매,고/27,SAME,False,12억,,112E,34E,112,84,남동향,2025-03-08,호수공원뷰가 최상임.,['15년이내' '방세개' '화장실두개' '고층'],6206동,1,12억,12억,매경부동산,http://land.mk.co.kr/rd/rd.php?UID=2512123820,37.288908,127.064001,더리브 축복공인중개사사무소,광교더리브,3,302,29,5,1,0,3,2,323370,100000,130000,2938,3820,10억~13억,(2938~3820만원/3.3㎡),5억 9000~7억,(1734~2057만원/3.3㎡),45~70%,3억/150,30000,150,30000,150,9.6%,0.3%,0.0%,kbstar,2025-03-07,116500,109000,100000,0,65500,61000,58000,0,0,0,0,65500,61000,58000,0,56~58%,고층,2025-03-11 22:19:39
2512170555,136913,광교더리브,아파트,매매,고/27,SAME,False,14억,,112D,34D,112,84,남동향,2025-03-08,호수뷰인테리어굿중앙역도보거리초중고인접,['15년이내' '방세개' '화장실두개' '고층'],6206동,1,14억,14억,매경부동산,http://land.mk.co.kr/rd/rd.php?UID=2512170555,37.288908,127.064001,광교명품합동공인중개사무소,광교더리브,3,172,17,1,1,0,3,2,323789,103000,140000,3023,4109,10억 3000~14억,(3023~4109만원/3.3㎡),6억,(1761만원/3.3㎡),43~58%,5000/250,5000,250,5000,250,9.9%,0.6%,0.0%,kbstar,2025-03-07,116500,109000,100000,0,65500,61000,58000,0,0,0,0,65500,61000,58000,0,56~58%,고층,2025-03-11 22:19:39
2511921266,136913,광교더리브,아파트,매매,저/27,SAME,False,12억,,112D,34D,112,84,남동향,2025-03-07,올수리 빠른입주가능 안정적인 중앙공원뷰 해 잘들어오는집,['15년이내' '올수리' '방세개' '화장실두개'],6209동,2,12억,11억 5000,매경부동산,http://land.mk.co.kr/rd/rd.php?UID=2511921266,37.290319,127.063138,광교더리브 공인중개사사무소,광교더리브,4,172,17,1,1,0,3,2,323789,103000,140000,3023,4109,10억 3000~14억,(3023~4109만원/3.3㎡),6억,(1761만원/3.3㎡),43~58%,5000/250,5000,250,5000,250,9.9%,0.6%,0.0%,kbstar,2025-03-07,116500,109000,100000,0,65500,61000,58000,0,0,0,0,65500,61000,58000,0,56~58%,저층,2025-03-11 22:19:39
2511929951,136913,광교더리브,아파트,매매,중/27,SAME,False,11억 2000,,112E,34E,112,84,남서향,2025-03-07,긴잔금가능 날짜협의,['15년이내' '방세개' '화장실두개' '중층'],6209동,2,11억 2000,11억 2000,매경부동산,http://land.mk.co.kr/rd/rd.php?UID=2511929951,37.290319,127.063138,더리브 행복한광교공인중개사사무소,광교더리브,4,302,29,5,1,0,3,2,323370,100000,130000,2938,3820,10억~13억,(2938~3820만원/3.3㎡),5억 9000~7억,(1734~2057만원/3.3㎡),45~70%,3억/150,30000,150,30000,150,9.6%,0.3%,0.0%,kbstar,2025-03-07,116500,109000,100000,0,65500,61000,58000,0,0,0,0,65500,61000,58000,0,56~58%,중층,2025-03-11 22:19:39
2512288188,136913,광교더리브,아파트,매매,고/27,SAME,False,12억,,112D,34D,112,84,남동향,2025-03-08,월세안고매매중앙공원신대호수와 원천호수접근성굿집상태깨끗,['15년이내' '방세개' '화장실두개' '고층'],6209동,3,12억,12억,매경부동산,http://land.mk.co.kr/rd/rd.php?UID=2512288188,37.290319,127.063138,광교로뎀공인,광교더리브,3,172,17,1,1,0,3,2,323789,103000,140000,3023,4109,10억 3000~14억,(3023~4109만원/3.3㎡),6억,(1761만원/3.3㎡),43~58%,5000/250,5000,250,5000,250,9.9%,0.6%,0.0%,kbstar,2025-03-07,116500,109000,100000,0,65500,61000,58000,0,0,0,0,65500,61000,58000,0,56~58%,고층,2025-03-11 22:19:39
2511930029,136913,광교더리브,아파트,매매,저/27,SAME,False,11억,,112D,34D,112,84,남향,2025-03-07,원천호수뷰 로얄동 주인거주,['15년이내' '방세개' '화장실두개' '세대당1대'],6205동,2,11억,11억,매경부동산,http://land.mk.co.kr/rd/rd.php?UID=2511930029,37.288321,127.064415,더리브 행복한광교공인중개사사무소,광교더리브,4,172,17,1,1,0,3,2,323789,103000,140000,3023,4109,10억 3000~14억,(3023~4109만원/3.3㎡),6억,(1761만원/3.3㎡),43~58%,5000/250,5000,250,5000,250,9.9%,0.6%,0.0%,kbstar,2025-03-07,116500,109000,100000,0,65500,61000,58000,0,0,0,0,65500,61000,58000,0,56~58%,저층,2025-03-11 22:19:39
2511920465,136913,광교더리브,아파트,전세,저/27,SAME,False,6억,,112D,34D,112,84,남동향,2025-03-07,올수리 빠른입주가능 안정적인 중앙공원뷰 해 잘들어오는집,['15년이내' '융자금적은' '올수리' '방세개'],6209동,2,6억,6억,매경부동산,http://land.mk.co.kr/rd/rd.php?UID=2511920465,37.290319,127.063138,광교더리브 공인중개사사무소,광교더리브,4,172,17,1,1,0,3,2,323789,103000,140000,3023,4109,10억 3000~14억,(3023~4109만원/3.3㎡),6억,(1761만원/3.3㎡),43~58%,5000/250,5000,250,5000,250,9.9%,0.6%,0.0%,kbstar,2025-03-07,116500,109000,100000,0,65500,61000,58000,0,0,0,0,65500,61000,58000,0,56~58%,저층,2025-03-11 22:19:39
2511855167,136913,광교더리브,아파트,매매,고/27,SAME,False,12억,,112E,34E,112,84,남향,2025-03-07,주인거주중 입주협의 최고의 뷰 맛집,['15년이내' '방세개' '화장실두개' '고층'],6205동,2,12억,12억,부동산뱅크,http://www.neonet.co.kr/rd/rd.php?UID=2511855167,37.288321,127.064415,로얄(단지내)공인중개사,광교더리브,4,302,29,5,1,0,3,2,323370,100000,130000,2938,3820,10억~13억,(2938~3820만원/3.3㎡),5억 9000~7억,(1734~2057만원/3.3㎡),45~70%,3억/150,30000,150,30000,150,9.6%,0.3%,0.0%,kbstar,2025-03-07,116500,109000,100000,0,65500,61000,58000,0,0,0,0,65500,61000,58000,0,56~58%,고층,2025-03-11 22:19:39
2511756838,136913,광교더리브,아파트,매매,고/27,SAME,False,12억 5000,,112E,34E,112,84,남동향,2025-03-06,호수뷰와 공원뷰가 펜트하우스급임,['15년이내' '방세개' '화장실두개' '펜트하우스'],6205동,1,12억 5000,12억 5000,매경부동산,http://land.mk.co.kr/rd/rd.php?UID=2511756838,37.288321,127.064415,더리브 축복공인중개사사무소,광교더리브,5,302,29,5,1,0,3,2,323370,100000,130000,2938,3820,10억~13억,(2938~3820만원/3.3㎡),5억 9000~7억,(1734~2057만원/3.3㎡),45~70%,3억/150,30000,150,30000,150,9.6%,0.3%,0.0%,kbstar,2025-03-07,116500,109000,100000,0,65500,61000,58000,0,0,0,0,65500,61000,58000,0,56~58%,고층,2025-03-11 22:19:39
2511376544,136913,광교더리브,아파트,매매,고/27,SAME,False,12억 5000,,112D,34D,112,84,남동향,2025-03-05,최고의 파노라마뷰 주인거주로 내부상태깨끗 ,['15년이내' '방세개' '화장실두개' '고층'],6205동,2,12억 5000,12억 5000,매경부동산,http://land.mk.co.kr/rd/rd.php?UID=2511376544,37.288321,127.064415,광교더리브 공인중개사사무소,광교더리브,6,172,17,1,1,0,3,2,323789,103000,140000,3023,4109,10억 3000~14억,(3023~4109만원/3.3㎡),6억,(1761만원/3.3㎡),43~58%,5000/250,5000,250,5000,250,9.9%,0.6%,0.0%,kbstar,2025-03-07,116500,109000,100000,0,65500,61000,58000,0,0,0,0,65500,61000,58000,0,56~58%,고층,2025-03-11 22:19:39
2511381422,136913,광교더리브,아파트,매매,저/24,SAME,False,11억,,99B,30B,99,74,남서향,2025-03-05,높은저층 조정가능 원천호수뷰 깨끗하고 밝은집 ,['15년이내' '방세개' '화장실두개' '세대당1대'],6203동,1,11억,11억,매경부동산,http://land.mk.co.kr/rd/rd.php?UID=2511381422,37.288744,127.063521,광교더리브 공인중개사사무소,광교더리브,6,36,6,0,0,0,3,2,285127,105000,110000,3499,3666,10억 5000~11억,(3499~3666만원/3.3㎡),,,,,,,,,16.7%,0.0%,0.0%,kbstar,2025-03-07,102000,97500,92000,0,53500,50000,46000,0,0,0,0,53500,50000,46000,0,50~52%,저층,2025-03-11 22:19:39
2511381448,136913,광교더리브,아파트,매매,고/27,SAME,False,12억,,112E,34E,112,84,남동향,2025-03-05,최고의 중앙공원 신대호수뷰 집주인거주로 관리잘됨,['15년이내' '방세개' '화장실두개' '고층'],6208동,1,12억,12억,매경부동산,http://land.mk.co.kr/rd/rd.php?UID=2511381448,37.289879,127.063419,광교더리브 공인중개사사무소,광교더리브,6,302,29,5,1,0,3,2,323370,100000,130000,2938,3820,10억~13억,(2938~3820만원/3.3㎡),5억 9000~7억,(1734~2057만원/3.3㎡),45~70%,3억/150,30000,150,30000,150,9.6%,0.3%,0.0%,kbstar,2025-03-07,116500,109000,100000,0,65500,61000,58000,0,0,0,0,65500,61000,58000,0,56~58%,고층,2025-03-11 22:19:39
2511377126,136913,광교더리브,아파트,매매,중/27,SAME,False,12억,,112D,34D,112,84,남동향,2025-03-05,안정적인 중앙공원 신대호수뷰 빠른입주가능,['15년이내' '방세개' '화장실두개' '중층'],6209동,1,12억,12억,매경부동산,http://land.mk.co.kr/rd/rd.php?UID=2511377126,37.290319,127.063138,광교더리브 공인중개사사무소,광교더리브,6,172,17,1,1,0,3,2,323789,103000,140000,3023,4109,10억 3000~14억,(3023~4109만원/3.3㎡),6억,(1761만원/3.3㎡),43~58%,5000/250,5000,250,5000,250,9.9%,0.6%,0.0%,kbstar,2025-03-07,116500,109000,100000,0,65500,61000,58000,0,0,0,0,65500,61000,58000,0,56~58%,중층,2025-03-11 22:19:39
2511380669,136913,광교더리브,아파트,매매,고/27,SAME,False,12억 5000,,112E,34E,112,84,남동향,2025-03-05,막힘없는 중앙공원 리조트뷰 실내매우깨끗,['15년이내' '방세개' '화장실두개' '고층'],6207동,1,12억 5000,12억 5000,매경부동산,http://land.mk.co.kr/rd/rd.php?UID=2511380669,37.289489,127.063659,광교더리브 공인중개사사무소,광교더리브,6,302,29,5,1,0,3,2,323370,100000,130000,2938,3820,10억~13억,(2938~3820만원/3.3㎡),5억 9000~7억,(1734~2057만원/3.3㎡),45~70%,3억/150,30000,150,30000,150,9.6%,0.3%,0.0%,kbstar,2025-03-07,116500,109000,100000,0,65500,61000,58000,0,0,0,0,65500,61000,58000,0,56~58%,고층,2025-03-11 22:19:39
2511377696,136913,광교더리브,아파트,매매,중/27,SAME,False,11억 8000,,112E,34E,112,84,남동향,2025-03-05,전세끼고 막힘없는 리조트뷰 깨끗하고 관리잘된집,['15년이내' '방세개' '화장실두개' '중층'],6206동,2,11억 8000,11억 8000,매경부동산,http://land.mk.co.kr/rd/rd.php?UID=2511377696,37.288908,127.064001,광교더리브 공인중개사사무소,광교더리브,6,302,29,5,1,0,3,2,323370,100000,130000,2938,3820,10억~13억,(2938~3820만원/3.3㎡),5억 9000~7억,(1734~2057만원/3.3㎡),45~70%,3억/150,30000,150,30000,150,9.6%,0.3%,0.0%,kbstar,2025-03-07,116500,109000,100000,0,65500,61000,58000,0,0,0,0,65500,61000,58000,0,56~58%,중층,2025-03-11 22:19:39
2511377673,136913,광교더리브,아파트,매매,저/24,SAME,False,10억 5000,,99B,30B,99,74,남서향,2025-03-05,높은저층 안정적인 원천호수뷰 깨끗하고 밝은집 날짜조정가능 ,['15년이내' '방세개' '화장실두개' '세대당1대'],6203동,1,10억 5000,10억 5000,매경부동산,http://land.mk.co.kr/rd/rd.php?UID=2511377673,37.288744,127.063521,광교더리브 공인중개사사무소,광교더리브,6,36,6,0,0,0,3,2,285127,105000,110000,3499,3666,10억 5000~11억,(3499~3666만원/3.3㎡),,,,,,,,,16.7%,0.0%,0.0%,kbstar,2025-03-07,102000,97500,92000,0,53500,50000,46000,0,0,0,0,53500,50000,46000,0,50~52%,저층,2025-03-11 22:19:39
2511378325,136913,광교더리브,아파트,월세,저/24,SAME,False,3억,150,112E,34E,112,84,남동향,2025-03-05,보증금조정가능 단지 정원뷰 아이키우기좋음,['15년이내' '융자금적은' '방세개' '화장실두개'],6203동,1,3억/150,3억/150,매경부동산,http://land.mk.co.kr/rd/rd.php?UID=2511378325,37.288744,127.063521,광교더리브 공인중개사사무소,광교더리브,6,302,29,5,1,0,3,2,323370,100000,130000,2938,3820,10억~13억,(2938~3820만원/3.3㎡),5억 9000~7억,(1734~2057만원/3.3㎡),45~70%,3억/150,30000,150,30000,150,9.6%,0.3%,0.0%,kbstar,2025-03-07,116500,109000,100000,0,65500,61000,58000,0,0,0,0,65500,61000,58000,0,56~58%,저층,2025-03-11 22:19:39
2511381430,136913,광교더리브,아파트,매매,중/23,SAME,False,11억 5000,,112E,34E,112,84,남동향,2025-03-05,깨끗하게 관리잘된집 트인산뷰 잔금여유있음,['15년이내' '방세개' '화장실두개' '중층'],6204동,1,11억 5000,11억 5000,매경부동산,http://land.mk.co.kr/rd/rd.php?UID=2511381430,37.288242,127.06393,광교더리브 공인중개사사무소,광교더리브,6,302,29,5,1,0,3,2,323370,100000,130000,2938,3820,10억~13억,(2938~3820만원/3.3㎡),5억 9000~7억,(1734~2057만원/3.3㎡),45~70%,3억/150,30000,150,30000,150,9.6%,0.3%,0.0%,kbstar,2025-03-07,116500,109000,100000,0,65500,61000,58000,0,0,0,0,65500,61000,58000,0,56~58%,중층,2025-03-11 22:19:39
2511379453,136913,광교더리브,아파트,매매,고/27,SAME,False,12억 5000,,112E,34E,112,84,남서향,2025-03-05,RR 환상적인 원천호수뷰 따뜻하고 깨끗한집 입주언제든 가능,['15년이내' '방세개' '화장실두개' '고층'],6205동,2,12억 5000,12억 5000,매경부동산,http://land.mk.co.kr/rd/rd.php?UID=2511379453,37.288321,127.064415,광교더리브 공인중개사사무소,광교더리브,6,302,29,5,1,0,3,2,323370,100000,130000,2938,3820,10억~13억,(2938~3820만원/3.3㎡),5억 9000~7억,(1734~2057만원/3.3㎡),45~70%,3억/150,30000,150,30000,150,9.6%,0.3%,0.0%,kbstar,2025-03-07,116500,109000,100000,0,65500,61000,58000,0,0,0,0,65500,61000,58000,0,56~58%,고층,2025-03-11 22:19:39
2511354763,136913,광교더리브,아파트,매매,중/27,SAME,False,12억 5000,,112D,34D,112,84,남서향,2025-03-05,입주가능  최상의호수뷰  밝고깨끗한집  입주일협의가능  햇빛가득한집,['15년이내' '방세개' '화장실두개' '중층'],6205동,3,12억 5000,12억 2000,매경부동산,http://land.mk.co.kr/rd/rd.php?UID=2511354763,37.288321,127.064415,광교로공인중개사사무소,광교더리브,6,172,17,1,1,0,3,2,323789,103000,140000,3023,4109,10억 3000~14억,(3023~4109만원/3.3㎡),6억,(1761만원/3.3㎡),43~58%,5000/250,5000,250,5000,250,9.9%,0.6%,0.0%,kbstar,2025-03-07,116500,109000,100000,0,65500,61000,58000,0,0,0,0,65500,61000,58000,0,56~58%,중층,2025-03-11 22:19:39
2510737535,136913,광교더리브,아파트,매매,고/26,SAME,False,11억,,99A,30A,99,74,남서향,2025-02-28,,['15년이내' '방세개' '화장실두개' '고층'],6201동,1,11억,11억,매경부동산,http://land.mk.co.kr/rd/rd.php?UID=2510737535,37.289709,127.062411,팔팔공인중개사사무소,광교더리브,11,97,6,0,0,0,3,2,285127,103000,120000,3433,3999,10억 3000~12억,(3433~3999만원/3.3㎡),,,,,,,,,6.2%,0.0%,0.0%,kbstar,2025-03-07,102000,97500,92000,0,53500,50000,46000,0,0,0,0,53500,50000,46000,0,50~52%,고층,2025-03-11 22:19:39
2510407673,136913,광교더리브,아파트,매매,고/27,SAME,False,11억 5000,,112E,34E,112,84,남동향,2025-02-26,추천매물 공원뷰 호수뷰 조율가능,['15년이내' '방세개' '화장실두개' '고층'],6209동,1,11억 5000,11억 5000,매경부동산,http://land.mk.co.kr/rd/rd.php?UID=2510407673,37.290319,127.063138,더리브 행복한광교공인중개사사무소,광교더리브,13,302,29,5,1,0,3,2,323370,100000,130000,2938,3820,10억~13억,(2938~3820만원/3.3㎡),5억 9000~7억,(1734~2057만원/3.3㎡),45~70%,3억/150,30000,150,30000,150,9.6%,0.3%,0.0%,kbstar,2025-03-07,116500,109000,100000,0,65500,61000,58000,0,0,0,0,65500,61000,58000,0,56~58%,고층,2025-03-11 22:19:39
2508708417,136913,광교더리브,아파트,매매,24/27,SAME,False,12억 5000,,112E,34E,112,84,남서향,2025-02-18,판상형공세권 중앙역도보거리 최고의주거환경,['15년이내' '방세개' '화장실두개' '고층'],6208동,1,12억 5000,12억 5000,매경부동산,http://land.mk.co.kr/rd/rd.php?UID=2508708417,37.289879,127.063419,광교명품합동공인중개사무소,광교더리브,21,302,29,5,1,0,3,2,323370,100000,130000,2938,3820,10억~13억,(2938~3820만원/3.3㎡),5억 9000~7억,(1734~2057만원/3.3㎡),45~70%,3억/150,30000,150,30000,150,9.6%,0.3%,0.0%,kbstar,2025-03-07,116500,109000,100000,0,65500,61000,58000,0,0,0,0,65500,61000,58000,0,56~58%,고층,2025-03-11 22:19:39
2510283509,136913,광교더리브,아파트,매매,중/24,SAME,False,11억,,112D,34D,112,84,남향,2025-02-25,단독.전망좋은 깨끗한집.주인거주중.가격조정가.이사일 협의가능,['15년이내' '방세개' '화장실두개' '중층'],6203동,1,11억,11억,매경부동산,http://land.mk.co.kr/rd/rd.php?UID=2510283509,37.288744,127.063521,광교더힐공인중개사사무소,광교더리브,14,172,17,1,1,0,3,2,323789,103000,140000,3023,4109,10억 3000~14억,(3023~4109만원/3.3㎡),6억,(1761만원/3.3㎡),43~58%,5000/250,5000,250,5000,250,9.9%,0.6%,0.0%,kbstar,2025-03-07,116500,109000,100000,0,65500,61000,58000,0,0,0,0,65500,61000,58000,0,56~58%,중층,2025-03-11 22:19:39
2508267073,136913,광교더리브,아파트,매매,25/26,SAME,False,11억,,99A,30A,99,74,남서향,2025-02-15,트인 시티뷰 해잘들어오고 따뜻함 집깨끗함,['15년이내' '방세개' '화장실두개' '고층'],6201동,1,11억,11억,매경부동산,http://land.mk.co.kr/rd/rd.php?UID=2508267073,37.289709,127.062411,광교더리브 공인중개사사무소,광교더리브,24,97,6,0,0,0,3,2,285127,103000,120000,3433,3999,10억 3000~12억,(3433~3999만원/3.3㎡),,,,,,,,,6.2%,0.0%,0.0%,kbstar,2025-03-07,102000,97500,92000,0,53500,50000,46000,0,0,0,0,53500,50000,46000,0,50~52%,고층,2025-03-11 22:19:39
2509498550,136913,광교더리브,아파트,매매,고/27,SAME,False,11억 5000,,112E,34E,112,84,남동향,2025-02-21,전세끼고 최고의 중앙공원 신대호수 리조트뷰 조건조정가능,['15년이내' '방세개' '화장실두개' '고층'],6208동,1,11억 5000,11억 5000,매경부동산,http://land.mk.co.kr/rd/rd.php?UID=2509498550,37.289879,127.063419,광교더리브 공인중개사사무소,광교더리브,18,302,29,5,1,0,3,2,323370,100000,130000,2938,3820,10억~13억,(2938~3820만원/3.3㎡),5억 9000~7억,(1734~2057만원/3.3㎡),45~70%,3억/150,30000,150,30000,150,9.6%,0.3%,0.0%,kbstar,2025-03-07,116500,109000,100000,0,65500,61000,58000,0,0,0,0,65500,61000,58000,0,56~58%,고층,2025-03-11 22:19:39
2509556998,136913,광교더리브,아파트,매매,중/27,SAME,False,13억 5000,,112D,34D,112,84,남동향,2025-02-21,4계절을 느낄수있는 중앙공원 신대호수뷰 내부상태깨끗 ,['15년이내' '방세개' '화장실두개' '중층'],6206동,1,13억 5000,13억 5000,매경부동산,http://land.mk.co.kr/rd/rd.php?UID=2509556998,37.288908,127.064001,광교더리브 공인중개사사무소,광교더리브,18,172,17,1,1,0,3,2,323789,103000,140000,3023,4109,10억 3000~14억,(3023~4109만원/3.3㎡),6억,(1761만원/3.3㎡),43~58%,5000/250,5000,250,5000,250,9.9%,0.6%,0.0%,kbstar,2025-03-07,116500,109000,100000,0,65500,61000,58000,0,0,0,0,65500,61000,58000,0,56~58%,중층,2025-03-11 22:19:39
2509481743,136913,광교더리브,아파트,매매,고/27,SAME,False,11억 9000,,112D,34D,112,84,남동향,2025-02-21,인테리어 호수뷰 주인거주 조건조율가능,['15년이내' '방세개' '화장실두개' '고층'],6208동,1,11억 9000,11억 9000,매경부동산,http://land.mk.co.kr/rd/rd.php?UID=2509481743,37.289879,127.063419,더리브 행복한광교공인중개사사무소,광교더리브,18,172,17,1,1,0,3,2,323789,103000,140000,3023,4109,10억 3000~14억,(3023~4109만원/3.3㎡),6억,(1761만원/3.3㎡),43~58%,5000/250,5000,250,5000,250,9.9%,0.6%,0.0%,kbstar,2025-03-07,116500,109000,100000,0,65500,61000,58000,0,0,0,0,65500,61000,58000,0,56~58%,고층,2025-03-11 22:19:39
2508320119,136913,광교더리브,아파트,매매,고/24,SAME,False,12억,,99A,30A,99,74,남서향,2025-02-15,주인거주중이사협의,['15년이내' '방세개' '화장실두개' '고층'],6202동,1,12억,12억,부동산렛츠,http://rego.kr/rd/rd.asp?UID=2508320119,37.289472,127.06271,해송종합부동산중개사무소,광교더리브,24,97,6,0,0,0,3,2,285127,103000,120000,3433,3999,10억 3000~12억,(3433~3999만원/3.3㎡),,,,,,,,,6.2%,0.0%,0.0%,kbstar,2025-03-07,102000,97500,92000,0,53500,50000,46000,0,0,0,0,53500,50000,46000,0,50~52%,고층,2025-03-11 22:19:39
2508234338,136913,광교더리브,아파트,매매,저/27,SAME,False,11억 9000,,112D,34D,112,84,남동향,2025-02-15,높은저층 초록초록뷰,['15년이내' '방세개' '화장실두개' '세대당1대'],6208동,1,11억 9000,11억 9000,매경부동산,http://land.mk.co.kr/rd/rd.php?UID=2508234338,37.289879,127.063419,더리브 행복한광교공인중개사사무소,광교더리브,24,172,17,1,1,0,3,2,323789,103000,140000,3023,4109,10억 3000~14억,(3023~4109만원/3.3㎡),6억,(1761만원/3.3㎡),43~58%,5000/250,5000,250,5000,250,9.9%,0.6%,0.0%,kbstar,2025-03-07,116500,109000,100000,0,65500,61000,58000,0,0,0,0,65500,61000,58000,0,56~58%,저층,2025-03-11 22:19:39
2508148976,136913,광교더리브,아파트,전세,저/27,SAME,False,7억,,112E,34E,112,84,남동향,2025-02-14,하시입주 집상태매우깨끗,['15년이내' '융자금적은' '방세개' '화장실두개'],6208동,1,7억,7억,매경부동산,http://land.mk.co.kr/rd/rd.php?UID=2508148976,37.289879,127.063419,더리브 축복공인중개사사무소,광교더리브,25,302,29,5,1,0,3,2,323370,100000,130000,2938,3820,10억~13억,(2938~3820만원/3.3㎡),5억 9000~7억,(1734~2057만원/3.3㎡),45~70%,3억/150,30000,150,30000,150,9.6%,0.3%,0.0%,kbstar,2025-03-07,116500,109000,100000,0,65500,61000,58000,0,0,0,0,65500,61000,58000,0,56~58%,저층,2025-03-11 22:19:39
2507272177,136913,광교더리브,아파트,전세,저/27,SAME,False,6억 5000,,112E,34E,112,84,남동향,2025-02-11,즉시입주 도배필름완료  조율가능 융자없음,['15년이내' '융자금없는' '방세개' '화장실두개'],6207동,1,6억 5000,6억 5000,매경부동산,http://land.mk.co.kr/rd/rd.php?UID=2507272177,37.289489,127.063659,더리브 행복한광교공인중개사사무소,광교더리브,28,302,29,5,1,0,3,2,323370,100000,130000,2938,3820,10억~13억,(2938~3820만원/3.3㎡),5억 9000~7억,(1734~2057만원/3.3㎡),45~70%,3억/150,30000,150,30000,150,9.6%,0.3%,0.0%,kbstar,2025-03-07,116500,109000,100000,0,65500,61000,58000,0,0,0,0,65500,61000,58000,0,56~58%,저층,2025-03-11 22:19:39
2512867293,136913,광교더리브,아파트,전세,저/24,SAME,False,5억 9000,,112E,34E,112,84,남동향,2025-03-11,34 컨디션우수 조용하고 아늑한 뷰 신분당선도보권 광교호수공원,['15년이내' '방세개' '화장실두개' '세대당1대'],6203동,1,5억 9000,5억 9000,한국공인중개사협회,http://www.karhanbang.com/naver_link.asp?UID=2512867293,37.288744,127.063521,대림사랑공인중개사사무소,광교더리브,0,302,29,5,1,0,3,2,323370,100000,130000,2938,3820,10억~13억,(2938~3820만원/3.3㎡),5억 9000~7억,(1734~2057만원/3.3㎡),45~70%,3억/150,30000,150,30000,150,9.6%,0.3%,0.0%,kbstar,2025-03-07,116500,109000,100000,0,65500,61000,58000,0,0,0,0,65500,61000,58000,0,56~58%,저층,2025-03-11 22:19:39
2511525748,136913,광교더리브,아파트,매매,2/27,SAME,False,10억 3000,,112D,34D,112,84,남동향,2025-03-05,주인거주 예쁜 단지 뷰 ,['15년이내' '방세개' '화장실두개' '세대당1대'],6207동,1,10억 3000,10억 3000,한국공인중개사협회,http://www.karhanbang.com/naver_link.asp?UID=2511525748,37.289489,127.063659,광교가이드공인중개사사무소,광교더리브,6,172,17,1,1,0,3,2,323789,103000,140000,3023,4109,10억 3000~14억,(3023~4109만원/3.3㎡),6억,(1761만원/3.3㎡),43~58%,5000/250,5000,250,5000,250,9.9%,0.6%,0.0%,kbstar,2025-03-07,116500,109000,100000,0,65500,61000,58000,0,0,0,0,65500,61000,58000,0,56~58%,저층,2025-03-11 22:19:39
